"scientificName","year","lon","lat","presence","row_code"
"Aedes sierrensis",2026,-116.901891,33.340127,1,1
"Aedes sierrensis",2026,-122.375455,40.568678,1,2
"Aedes sierrensis",2026,-121.114189,38.754787,1,3
"Aedes sierrensis",2026,-117.868063,34.404583,1,4
"Aedes sierrensis",2026,-122.008762,37.264225,1,5
"Aedes sierrensis",2025,-122.327089,44.152846,1,6
"Aedes sierrensis",2025,-122.197303,37.355992,1,7
"Aedes sierrensis",2025,-122.643173,38.095014,1,8
"Aedes sierrensis",2025,-122.219982,37.372633,1,9
"Aedes sierrensis",2025,-121.663469,36.753358,1,10
"Aedes sierrensis",2025,-122.353506,40.842729,1,11
"Aedes sierrensis",2025,-122.633669,38.10276,1,12
"Aedes sierrensis",2025,-122.0842,37.28706,1,13
"Aedes sierrensis",2025,-121.701997,39.845547,1,14
"Aedes sierrensis",2025,-122.395483,40.520618,1,15
"Aedes sierrensis",2023,-119.73228,37.10878,1,16
"Aedes sierrensis",2025,-122.403878,37.802103,1,17
"Aedes sierrensis",2025,-122.295073,37.419527,1,18
"Aedes sierrensis",2025,-122.069016,37.235307,1,19
"Aedes sierrensis",2025,-122.011636,36.98807,1,20
"Aedes sierrensis",2025,-118.436021,34.107888,1,21
"Aedes sierrensis",2025,-121.563374,40.323237,1,22
"Aedes sierrensis",2025,-119.648992,37.488292,1,23
"Aedes sierrensis",2025,-123.400117,39.449835,1,24
"Aedes sierrensis",2025,-122.423026,49.180299,1,25
"Aedes sierrensis",2025,-122.567627,37.887817,1,26
"Aedes sierrensis",2025,-124.288026,40.321099,1,27
"Aedes sierrensis",2022,-119.26219,37.03337,1,28
"Aedes sierrensis",2025,-119.576062,49.492132,1,29
"Aedes sierrensis",2025,-116.859176,33.311535,1,30
"Aedes sierrensis",2025,-122.254993,44.213178,1,31
"Aedes sierrensis",2025,-119.905659,34.614804,1,32
"Aedes sierrensis",2025,-121.70945,47.508753,1,33
"Aedes sierrensis",2025,-122.921065,49.281356,1,34
"Aedes sierrensis",2025,-124.003723,41.208705,1,35
"Aedes sierrensis",2025,-120.59793,39.566555,1,36
"Aedes sierrensis",2025,-122.300656,37.273838,1,37
"Aedes sierrensis",2024,-121.95191,45.82049,1,38
"Aedes sierrensis",2019,-119.00602,37.00583,1,39
"Aedes sierrensis",2025,-119.061543,37.013134,1,40
"Aedes sierrensis",2024,-122.330317,45.762439,1,41
"Aedes sierrensis",2025,-123.477336,39.075692,1,42
"Aedes sierrensis",2025,-122.707174,38.575283,1,43
"Aedes sierrensis",2019,-119.745324,37.114513,1,44
"Aedes sierrensis",2018,-119.243066,37.034408,1,45
"Aedes sierrensis",2025,-119.043178,36.982926,1,46
"Aedes sierrensis",2019,-121.997031,45.827907,1,47
"Aedes sierrensis",2018,-121.989655,45.831558,1,48
"Aedes sierrensis",2025,-122.30509,45.753024,1,49
"Aedes sierrensis",2025,-122.424613,40.681125,1,50
"Aedes sierrensis",2024,-122.15682,37.116164,1,51
"Aedes sierrensis",2024,-122.150605,37.740412,1,52
"Aedes sierrensis",2024,-122.598106,37.99077,1,53
"Aedes sierrensis",2024,-122.566642,37.965078,1,54
"Aedes sierrensis",2024,-122.171088,37.801712,1,55
"Aedes sierrensis",2024,-122.383963,37.549022,1,56
"Aedes sierrensis",2024,-121.7955,37.0856,1,57
"Aedes sierrensis",2024,-124.0249,40.032,1,58
"Aedes sierrensis",2024,-122.287192,37.273188,1,59
"Aedes sierrensis",2024,-119.63243,37.490663,1,60
"Aedes sierrensis",2024,-111.813289,40.749719,1,61
"Aedes sierrensis",2024,-111.786435,40.652132,1,62
"Aedes sierrensis",2024,-122.200355,37.84013,1,63
"Aedes sierrensis",2024,-123.996615,41.207823,1,64
"Aedes sierrensis",2024,-122.067025,37.002439,1,65
"Aedes sierrensis",2024,-123.127985,49.299484,1,66
"Aedes sierrensis",2024,-121.3388,40.2617,1,67
"Aedes sierrensis",2018,-121.993379,45.815625,1,68
"Aedes sierrensis",2019,-119.273,37.032,1,69
"Aedes sierrensis",2024,-118.3957,33.3939,1,70
"Aedes sierrensis",2024,-122.609694,47.525312,1,71
"Aedes sierrensis",2024,-125.133847,48.833558,1,72
"Aedes sierrensis",2024,-124.70465,48.65732,1,73
"Aedes sierrensis",2024,-123.862618,49.196095,1,74
"Aedes sierrensis",2024,-122.049197,47.565441,1,75
"Aedes sierrensis",2024,-125.055686,48.8279,1,76
"Aedes sierrensis",2024,-132.267563,53.362717,1,77
"Aedes sierrensis",2024,-123.932311,47.864653,1,78
"Aedes sierrensis",2024,-118.993497,37.016483,1,79
"Aedes sierrensis",2024,-121.763251,38.543385,1,80
"Aedes sierrensis",2024,-121.780736,38.534255,1,81
"Aedes sierrensis",2020,-122.021174,45.832042,1,82
"Aedes sierrensis",2019,-119.724,37.09,1,83
"Aedes sierrensis",2023,-119.749511,37.109009,1,84
"Aedes sierrensis",2018,-119.73524,37.096437,1,85
"Aedes sierrensis",2017,-119.726034,37.092865,1,86
"Aedes sierrensis",2023,-119.727648,37.081507,1,87
"Aedes sierrensis",2023,-118.800826,36.51676,1,88
"Aedes sierrensis",2023,-121.74291,37.38306,1,89
"Aedes sierrensis",2023,-121.08547,39.29909,1,90
"Aedes sierrensis",2023,-119.28356,34.417475,1,91
"Aedes sierrensis",2023,-116.840428,34.353327,1,92
"Aedes sierrensis",2023,-122.15547,37.287524,1,93
"Aedes sierrensis",2023,-122.286962,37.467488,1,94
"Aedes sierrensis",2020,-122.389604,45.758502,1,95
"Aedes sierrensis",2022,-119.012116,36.992408,1,96
"Aedes sierrensis",2020,-123.450732,49.398493,1,97
"Aedes sierrensis",2019,-119.017,36.974,1,98
"Aedes sierrensis",2023,-119.018203,36.994164,1,99
"Aedes sierrensis",2023,-122.10077,41.109806,1,100
"Aedes sierrensis",2022,-116.820459,32.680577,1,101
"Aedes sierrensis",2021,-121.319849,38.627279,1,102
"Aedes sierrensis",2022,-122.715229,38.451209,1,103
"Aedes sierrensis",2022,-121.793992,39.762895,1,104
"Aedes sierrensis",2022,-122.406921,37.679361,1,105
"Aedes sierrensis",2022,-121.267218,39.340003,1,106
"Aedes sierrensis",2022,-121.917664,37.225011,1,107
"Aedes sierrensis",2022,-123.276558,44.58027,1,108
"Aedes sierrensis",2022,-119.262184,37.031342,1,109
"Aedes sierrensis",2022,-119.281555,37.035811,1,110
"Aedes sierrensis",2022,-122.384566,45.765077,1,111
"Aedes sierrensis",2022,-119.013482,36.980194,1,112
"Aedes sierrensis",2020,-121.849573,45.825584,1,113
"Aedes sierrensis",2022,-122.003014,45.81838,1,114
"Aedes sierrensis",2022,-122.060122,37.038113,1,115
"Aedes sierrensis",2022,-122.840026,49.147613,1,116
"Aedes sierrensis",2022,-125.533916,49.581598,1,117
"Aedes sierrensis",2022,-120.8607,40.435284,1,118
"Aedes sierrensis",2021,-122.539688,37.977858,1,119
"Aedes sierrensis",2021,-122.90117,38.494208,1,120
"Aedes sierrensis",2021,-118.357727,34.26552,1,121
"Aedes sierrensis",2021,-122.956863,38.413722,1,122
"Aedes sierrensis",2021,-122.25674,38.274815,1,123
"Aedes sierrensis",2021,-123.162793,39.261488,1,124
"Aedes sierrensis",2021,-122.268618,37.967085,1,125
"Aedes sierrensis",2021,-122.348797,37.287316,1,126
"Aedes sierrensis",2021,-122.771511,38.443643,1,127
"Aedes sierrensis",2021,-124.21952,48.606247,1,128
"Aedes sierrensis",2021,-122.5953,49.19776,1,129
"Aedes sierrensis",2021,-121.982655,45.837416,1,130
"Aedes sierrensis",2021,-122.00351,45.829151,1,131
"Aedes sierrensis",2021,-122.068238,37.227701,1,132
"Aedes sierrensis",2021,-118.864039,37.585029,1,133
"Aedes sierrensis",2021,-122.075359,37.236549,1,134
"Aedes sierrensis",2021,-122.336096,45.763458,1,135
"Aedes sierrensis",2021,-122.308509,45.747351,1,136
"Aedes sierrensis",2021,-119.003531,37.025513,1,137
"Aedes sierrensis",2021,-128.835754,53.470295,1,138
"Aedes sierrensis",2021,-128.553,53.44912,1,139
"Aedes sierrensis",2020,-122.162753,37.353317,1,140
"Aedes sierrensis",2020,-122.554108,38.060965,1,141
"Aedes sierrensis",2020,-122.787739,38.552931,1,142
"Aedes sierrensis",2020,-122.532937,37.877147,1,143
"Aedes sierrensis",2020,-118.72172,35.910467,1,144
"Aedes sierrensis",2020,-122.859255,38.516045,1,145
"Aedes sierrensis",2020,-122.190454,37.30716,1,146
"Aedes sierrensis",2020,-124.096707,41.237592,1,147
"Aedes sierrensis",2020,-124.946587,49.250088,1,148
"Aedes sierrensis",2018,-122.489843,47.390597,1,149
"Aedes sierrensis",2020,-122.20343,37.83247,1,150
"Aedes sierrensis",2020,-123.909954,40.31103,1,151
"Aedes sierrensis",2020,-125.148972,50.143275,1,152
"Aedes sierrensis",2020,-124.257392,48.495062,1,153
"Aedes sierrensis",2020,-122.223478,48.76389,1,154
"Aedes sierrensis",2020,-121.430658,35.964589,1,155
"Aedes sierrensis",2020,-123.43003,48.519597,1,156
"Aedes sierrensis",2020,-122.314267,45.746174,1,157
"Aedes sierrensis",2019,-117.466553,33.675482,1,158
"Aedes sierrensis",2019,-122.235663,37.408663,1,159
"Aedes sierrensis",2019,-122.321275,37.532792,1,160
"Aedes sierrensis",2019,-121.762055,38.541325,1,161
"Aedes sierrensis",2019,-122.503293,38.354548,1,162
"Aedes sierrensis",2019,-126.128745,49.866668,1,163
"Aedes sierrensis",2019,-120.474522,35.289947,1,164
"Aedes sierrensis",2019,-123.1293,50.1374,1,165
"Aedes sierrensis",2019,-132.542069,53.414075,1,166
"Aedes sierrensis",2019,-124.127189,43.34125,1,167
"Aedes sierrensis",2019,-122.291426,37.198568,1,168
"Aedes sierrensis",2019,-122.286944,37.200016,1,169
"Aedes sierrensis",2019,-119.285357,37.02656,1,170
"Aedes sierrensis",2018,-119.266,37.029,1,171
"Aedes sierrensis",2019,-123.1396,49.305,1,172
"Aedes sierrensis",2019,-119.036,37.04,1,173
"Aedes sierrensis",2019,-124.092023,49.243561,1,174
"Aedes sierrensis",2019,-122.365785,37.436747,1,175
"Aedes sierrensis",2019,-119.937425,38.300873,1,176
"Aedes sierrensis",2019,-122.243146,37.264294,1,177
"Aedes sierrensis",2018,-117.238463,33.407938,1,178
"Aedes sierrensis",2018,-100.212914,25.627199,1,179
"Aedes sierrensis",2018,-119.795068,34.030557,1,180
"Aedes sierrensis",2018,-122.15098,37.927302,1,181
"Aedes sierrensis",2018,-122.218541,37.252537,1,182
"Aedes sierrensis",2018,-121.495317,36.762042,1,183
"Aedes sierrensis",2018,-116.405,43.6098,1,184
"Aedes sierrensis",2018,-116.255,43.7246,1,185
"Aedes sierrensis",2018,-116.297,43.6492,1,186
"Aedes sierrensis",2017,-117.249,33.6611,1,187
"Aedes sierrensis",2018,-119.840347,34.521288,1,188
"Aedes sierrensis",2018,-122.218874,37.252619,1,189
"Aedes sierrensis",2018,-116.279,43.6454,1,190
"Aedes sierrensis",2017,-117.351,33.9533,1,191
"Aedes sierrensis",2018,-123.508707,48.524397,1,192
"Aedes sierrensis",2018,-111.937,40.8124,1,193
"Aedes sierrensis",2018,-111.873,40.7104,1,194
"Aedes sierrensis",2018,-111.857,40.7309,1,195
"Aedes sierrensis",2018,-111.935,40.7884,1,196
"Aedes sierrensis",2018,-111.904,40.7858,1,197
"Aedes sierrensis",2018,-119.732525,37.086793,1,198
"Aedes sierrensis",2018,-112.006,40.765,1,199
"Aedes sierrensis",2018,-112.032,40.831,1,200
"Aedes sierrensis",2018,-122.363716,45.729719,1,201
"Aedes sierrensis",2017,-100.284721,25.677467,1,202
"Aedes sierrensis",2017,-117.4,33.9591,1,203
"Aedes sierrensis",2017,-116.908543,33.344167,1,204
"Aedes sierrensis",2017,-117.355,33.6982,1,205
"Aedes sierrensis",2017,-117.601,33.9267,1,206
"Aedes sierrensis",2016,-117.603,33.9053,1,207
"Aedes sierrensis",2017,-117.496,33.9643,1,208
"Aedes sierrensis",2017,-117.619,33.8862,1,209
"Aedes sierrensis",2017,-117.426,33.9082,1,210
"Aedes sierrensis",2017,-117.484,33.9882,1,211
"Aedes sierrensis",2015,-117.568,33.9403,1,212
"Aedes sierrensis",2017,-117.291,33.6709,1,213
"Aedes sierrensis",2017,-122.219758,37.874625,1,214
"Aedes sierrensis",2017,-116.958637,34.096268,1,215
"Aedes sierrensis",2017,-117.397,33.6921,1,216
"Aedes sierrensis",2017,-117.54,33.9059,1,217
"Aedes sierrensis",2017,-122.368,45.768,1,218
"Aedes sierrensis",2017,-118.681005,35.025075,1,219
"Aedes sierrensis",2017,-118.705865,35.006112,1,220
"Aedes sierrensis",2017,-117.714641,34.388931,1,221
"Aedes sierrensis",2017,-123.54661,48.47849,1,222
"Aedes sierrensis",2017,-117.596,33.8989,1,223
"Aedes sierrensis",2017,-122.333393,37.401217,1,224
"Aedes sierrensis",2017,-111.823,40.7604,1,225
"Aedes sierrensis",2017,-111.877,40.7332,1,226
"Aedes sierrensis",2017,-111.882,40.7494,1,227
"Aedes sierrensis",2016,-119.18215,34.531295,1,228
"Aedes sierrensis",2016,-117.582,33.9429,1,229
"Aedes sierrensis",2016,-117.582,33.9301,1,230
"Aedes sierrensis",2016,-116.142,43.5726,1,231
"Aedes sierrensis",2015,-112.05,40.8021,1,232
"Aedes sierrensis",2015,-112.015,40.822,1,233
"Aedes sierrensis",2015,-112.012,40.7933,1,234
"Aedes sierrensis",2015,-117.033,33.9546,1,235
"Aedes sierrensis",2015,-117.032,33.9537,1,236
"Aedes sierrensis",2015,-117.351,33.6944,1,237
"Aedes sierrensis",2015,-117.602,33.8934,1,238
"Aedes sierrensis",2014,-111.923,40.7723,1,239
"Aedes sierrensis",2014,-123.232,48.757,1,240
"Aedes sierrensis",2014,-123.301,48.781,1,241
"Aedes sierrensis",2014,-123.31,48.794,1,242
"Aedes sierrensis",2014,-125.753,49.071,1,243
"Aedes sierrensis",2014,-125.684,49.044,1,244
"Aedes sierrensis",2014,-125.656,49.013,1,245
"Aedes sierrensis",2014,-125.68123,49.04143,1,246
"Aedes sierrensis",2014,-123.2738,48.76664,1,247
"Aedes sierrensis",2014,-114.293,48.1949,1,248
"Aedes sierrensis",2014,-114.154,46.9143,1,249
"Aedes sierrensis",2014,-114.232,48.3021,1,250
"Aedes sierrensis",2013,-122.69239,38.583027,1,251
"Aedes sierrensis",2013,-116.392,43.6855,1,252
"Aedes sierrensis",2013,-112.029,40.846,1,253
"Aedes sierrensis",2011,-122.576,49.173,1,254
"Aedes sierrensis",2011,-114.274,48.2209,1,255
"Aedes sierrensis",2010,-125.84,49.08,1,256
"Aedes sierrensis",2010,-125.55,49.03,1,257
"Aedes sierrensis",2010,-125.593,48.975,1,258
"Aedes sierrensis",2009,-116.241,43.6478,1,259
"Aedes sierrensis",2009,-116.096,43.548,1,260
"Aedes sierrensis",2008,-116.90862,33.337077,1,261
"Aedes sierrensis",2007,-114.26,48.204,1,262
"Aedes sierrensis",2007,-114.341,48.3343,1,263
"Aedes sierrensis",2005,-114.307,48.2088,1,264
"Aedes sierrensis",2007,-114.291,48.2794,1,265
"Aedes sierrensis",2005,-114.276,48.269,1,266
"Aedes sierrensis",2005,-109.971,45.8375,1,267
"Aedes sierrensis",1983,-126.963,50.558,1,268
"Aedes sierrensis",1981,-123.583,48.997,1,269
"Aedes sierrensis",1981,-131.443,52.576,1,270
"Aedes sierrensis",1981,-131.466,52.665,1,271
"Aedes sierrensis",1981,-131.617,52.766,1,272
"Aedes sierrensis",1981,-131.612,52.968,1,273
"Aedes sticticus",2010.6,-76.78875,38.86315,0,274
"Culex quinquefasciatus",2019.55555555556,-81.44505,28.55455,0,275
"Aedes excrucians",2021.50757575758,-99.24025,47.12995,0,276
"Aedes communis",2018.42105263158,-72.27355,42.48195,0,277
"Aedes fitchii",2025,-83.71925,42.20805,0,278
"Aedes communis",2012,-117.94845,53.18895,0,279
"Culex tarsalis",2019.35714285714,-116.44615,43.61905,0,280
"Culex tarsalis",1998,-100.12005,25.55825,0,281
"Aedes communis",2012,-117.90695,53.18895,0,282
"Aedes communis",2003,-67.74175,47.05525,0,283
"Culex tarsalis",2019.56666666667,-116.42955,43.63565,0,284
"Aedes communis",2017.77272727273,-149.21455,63.87935,0,285
"Culex tarsalis",2018.80487804878,-116.44615,43.51115,0,286
"Culex quinquefasciatus",2018,-117.45045,33.90805,0,287
"Culex tarsalis",2019.12941176471,-116.29675,43.66885,0,288
"Aedes sticticus",2018.79259259259,-116.38805,43.68545,0,289
"Culex tarsalis",2012,-99.11575,19.48265,0,290
"Aedes communis",2020.66964285714,-145.75345,63.87935,0,291
"Aedes communis",2019.23267326733,-89.58735,45.49485,0,292
"Aedes communis",2019.65517241379,-147.52965,65.19075,0,293
"Aedes communis",2019.80530973451,-71.29415,44.07555,0,294
"Aedes sticticus",2019,-83.84375,41.54405,0,295
"Aedes sticticus",2019.44444444444,-71.35225,42.17485,0,296
"Aedes communis",2004.56980703746,-87.83605,41.83455,0,297
"Aedes communis",2014,-93.45515,58.72505,0,298
"Aedes communis",2019.1,-71.29415,44.05895,0,299
"Culex tarsalis",2012,-99.09915,19.39135,0,300
"Culex quinquefasciatus",2019.5625,-81.54465,28.67905,0,301
"Aedes sticticus",2009.16076294278,-87.82775,41.87605,0,302
"Aedes triseriatus",2021.75,-81.38695,28.08145,0,303
"Aedes sticticus",2020.62962962963,-84.46625,31.17735,0,304
"Aedes sticticus",2018.6,-87.45425,32.90375,0,305
"Aedes sticticus",2000.75179856115,-87.81945,41.90925,0,306
"Aedes communis",2008,-151.87055,66.42745,0,307
"Aedes sticticus",2019.77083333333,-72.22375,42.42385,0,308
"Culex tarsalis",2017.66666666667,-116.39635,43.67715,0,309
"Aedes excrucians",2019.64,-71.19455,42.10015,0,310
"Aedes communis",2018.94117647059,-89.56245,45.49485,0,311
"Aedes communis",2002.09677419355,-64.70395,46.09245,0,312
"Aedes communis",2019.3008356546,-89.58735,45.51145,0,313
"Aedes communis",2020.11428571429,-105.57315,40.04175,0,314
"Aedes triseriatus",2019,-82.00945,29.69995,0,315
"Aedes vexans",2017.37837837838,-116.37145,43.70205,0,316
"Aedes sticticus",2016.90909090909,-93.53815,41.64365,0,317
"Aedes sticticus",2019.94545454545,-88.18465,31.81645,0,318
"Aedes communis",2019.12121212121,-149.23115,63.87935,0,319
"Aedes communis",2019.50610820244,-147.50475,65.15755,0,320
"Aedes communis",2014,-93.46345,58.71675,0,321
"Culex quinquefasciatus",2018,-117.63305,33.91635,0,322
"Aedes sticticus",2008.5,-114.33795,48.33345,0,323
"Aedes triseriatus",2018,-76.57295,36.73005,0,324
"Aedes vexans",2017.33333333333,-116.23035,43.62735,0,325
"Culex tarsalis",2021.94736842105,-96.72535,33.03655,0,326
"Culex tarsalis",2019.05128205128,-116.29675,43.65225,0,327
"Aedes sticticus",2020.6,-87.44595,32.91205,0,328
"Aedes sticticus",2009.62368421053,-87.90245,41.88435,0,329
"Culex tarsalis",2019.17948717949,-116.35485,43.68545,0,330
"Aedes communis",2020.02777777778,-105.56485,40.04175,0,331
"Culex tarsalis",2011.9945474373,-99.09085,19.35815,0,332
"Aedes communis",2013,-65.17705,44.34115,0,333
"Aedes communis",2014.51351351351,-111.41635,46.03435,0,334
"Aedes triseriatus",2018,-78.75585,35.71745,0,335
"Aedes sticticus",2020,-70.99535,42.25785,0,336
"Aedes sticticus",2013.05208333333,-93.59625,42.04205,0,337
"Culex pipiens",2024,-101.14095,20.22135,0,338
"Aedes sticticus",2020.21698113208,-87.80285,32.53855,0,339
"Culex quinquefasciatus",2019.525,-81.44505,28.54625,0,340
"Aedes communis",2018.67094515753,-89.53755,46.23355,0,341
"Aedes vexans",2016.28985507246,-112.01395,40.79705,0,342
"Culex tarsalis",2022,-101.87135,33.56775,0,343
"Aedes vexans",2017.09090909091,-111.93925,40.81365,0,344
"Culex quinquefasciatus",2016,-91.21415,16.31205,0,345
"Aedes sticticus",2020,-83.76075,41.63535,0,346
"Aedes sticticus",2012.97727272727,-111.98075,46.65685,0,347
"Aedes sticticus",2015.09756097561,-93.67095,41.64365,0,348
"Culex quinquefasciatus",2018,-117.35085,33.95785,0,349
"Aedes communis",2002,-64.72885,46.11735,0,350
"Culex tarsalis",2020.69230769231,-99.24855,47.12995,0,351
"Culex tarsalis",2012,-99.05765,19.30005,0,352
"Culex pipiens",2025,-81.28735,29.02765,0,353
"Aedes triseriatus",2020,-83.54495,41.69345,0,354
"Culex quinquefasciatus",2019,-81.19605,28.59605,0,355
"Culex quinquefasciatus",2019.59090909091,-81.32885,28.48815,0,356
"Aedes vexans",2017.14285714286,-116.37145,43.71865,0,357
"Culex quinquefasciatus",2012,-102.31955,21.96435,0,358
"Aedes triseriatus",2022,-75.82595,45.34545,0,359
"Culex quinquefasciatus",2016,-90.50865,19.84785,0,360
"Aedes sticticus",2016.75,-76.54805,36.73005,0,361
"Aedes communis",2009.38554216867,-93.77885,58.73335,0,362
"Culex tarsalis",1987,-99.14895,23.73225,0,363
"Aedes sticticus",2018.86315789474,-116.36315,43.70205,0,364
"Culex tarsalis",2020.60240963855,-99.05765,35.41035,0,365
"Culex tarsalis",2019.03125,-116.31335,43.67715,0,366
"Aedes communis",2019.60869565217,-89.52095,46.21695,0,367
"Aedes sticticus",2006.20471281296,-87.81945,41.73495,0,368
"Aedes sticticus",2019.46666666667,-71.20285,42.09185,0,369
"Aedes communis",2008,-94.14405,58.74165,0,370
"Aedes sticticus",2019.52941176471,-83.65285,41.61875,0,371
"Culex tarsalis",2001,-100.26115,25.59975,0,372
"Aedes fitchii",2019,-122.74585,50.33375,0,373
"Culex tarsalis",2012,-99.22365,19.30835,0,374
"Culex tarsalis",2018.6935483871,-116.40465,43.66885,0,375
"Culex quinquefasciatus",2019.4,-82.63195,27.53365,0,376
"Culex tarsalis",2018.14285714286,-116.36315,43.67715,0,377
"Aedes communis",2011,-95.59655,50.10135,0,378
"Aedes communis",2006,-151.48875,66.56025,0,379
"Aedes communis",2019.77966101695,-105.55655,40.04175,0,380
"Culex quinquefasciatus",2019.33333333333,-81.51975,28.55455,0,381
"Aedes communis",2014,-93.46345,58.72505,0,382
"Culex pipiens",2020.22222222222,-78.13335,38.87975,0,383
"Aedes communis",1999,-72.53085,43.62735,0,384
"Culex tarsalis",2018.84090909091,-116.47935,43.67715,0,385
"Culex tarsalis",2019.04,-116.30505,43.67715,0,386
"Aedes excrucians",2020.5,-99.18215,47.21295,0,387
"Aedes sticticus",2019.16666666667,-76.90495,38.92125,0,388
"Culex quinquefasciatus",2012,-99.11575,19.41625,0,389
"Culex tarsalis",2018.88888888889,-116.42955,43.69375,0,390
"Aedes communis",2020.78125,-147.51305,65.16585,0,391
"Aedes communis",2020.1,-145.75345,63.93745,0,392
"Aedes sticticus",2012,-117.76585,53.12255,0,393
"Aedes communis",2020.275,-89.52095,46.24185,0,394
"Aedes sticticus",2020,-83.85205,41.57725,0,395
"Aedes communis",2002.05555555556,-64.78695,46.10075,0,396
"Aedes communis",2019,-115.27585,67.78035,0,397
"Aedes sticticus",2016.75,-76.91325,38.98765,0,398
"Aedes sticticus",2008.3,-114.28815,48.27535,0,399
"Culex quinquefasciatus",2019,-86.40015,30.39715,0,400
"Aedes vexans",2017.9,-112.12185,40.79705,0,401
"Aedes excrucians",2006.66666666667,-93.81205,58.73335,0,402
"Culex quinquefasciatus",2018,-81.84345,26.65385,0,403
"Aedes sticticus",2012,-117.90695,53.19725,0,404
"Aedes sticticus",2016.75438596491,-76.78875,39.04575,0,405
"Aedes communis",2020.51428571429,-149.23945,63.87935,0,406
"Aedes sticticus",2019.33333333333,-83.83545,41.61875,0,407
"Aedes sticticus",2018.2972972973,-116.25525,43.64395,0,408
"Aedes sticticus",2020.45833333333,-84.31685,35.91665,0,409
"Culex tarsalis",1993,-100.16985,25.45865,0,410
"Aedes sticticus",2018.75438596491,-83.71925,41.61875,0,411
"Aedes sticticus",2015,-110.90175,46.53235,0,412
"Aedes vexans",2015.59016393443,-111.94755,40.83025,0,413
"Aedes communis",2018.25287356322,-72.19055,42.54005,0,414
"Aedes triseriatus",2020,-95.87875,31.94095,0,415
"Aedes fitchii",2010,-154.83365,64.91685,0,416
"Aedes communis",2014,-93.44685,58.71675,0,417
"Aedes sticticus",2014.6,-93.63775,42.04205,0,418
"Culex tarsalis",2020.28571428571,-87.41275,32.91205,0,419
"Aedes sticticus",2019.08333333333,-116.25525,43.72695,0,420
"Culex tarsalis",2018.67857142857,-116.37145,43.67715,0,421
"Culex quinquefasciatus",2012,-102.41915,22.23825,0,422
"Aedes sticticus",2022,-80.52375,37.37745,0,423
"Aedes sticticus",2021.125,-95.19815,39.04575,0,424
"Aedes communis",2022,-151.08205,60.45975,0,425
"Aedes fitchii",2021.625,-100.91685,46.80625,0,426
"Aedes sticticus",2014.72483221477,-93.68755,41.57725,0,427
"Aedes communis",2019,-132.10825,59.99495,0,428
"Aedes sticticus",2019.80612244898,-87.86925,41.80965,0,429
"Aedes triseriatus",2021.77777777778,-83.50345,35.69255,0,430
"Culex quinquefasciatus",2019.45454545455,-81.39525,28.46325,0,431
"Aedes sticticus",2016.88888888889,-76.66425,36.61385,0,432
"Aedes communis",2020,-135.32865,60.87475,0,433
"Aedes communis",1999.5,-73.36085,43.67715,0,434
"Culex quinquefasciatus",2018.5,-82.42445,27.41745,0,435
"Aedes communis",2017,-138.23365,61.00755,0,436
"Aedes communis",1999,-73.07865,44.37435,0,437
"Aedes sticticus",2006.19607843137,-114.13045,47.56155,0,438
"Aedes triseriatus",2020,-76.87175,39.00425,0,439
"Culex tarsalis",2020,-100.91685,46.76475,0,440
"Culex quinquefasciatus",2019.6,-82.54895,27.55025,0,441
"Aedes excrucians",2019.45238095238,-70.99535,42.19145,0,442
"Culex tarsalis",2019,-84.49115,31.19395,0,443
"Culex tarsalis",2022,-99.23195,47.14655,0,444
"Culex tarsalis",2011.82222222222,-115.46675,32.66305,0,445
"Aedes vexans",2012,-121.11905,48.71525,0,446
"Culex tarsalis",2023,-118.17255,37.50195,0,447
"Aedes sticticus",2020.68571428571,-95.18985,39.04575,0,448
"Culex tarsalis",1995,-99.50585,20.66125,0,449
"Aedes triseriatus",2020,-71.53485,41.83455,0,450
"Aedes vexans",2016.93023255814,-112.04715,40.80535,0,451
"Aedes communis",2018.67857142857,-89.55415,45.48655,0,452
"Culex tarsalis",2012,-99.19045,19.40795,0,453
"Culex tarsalis",2018.40816326531,-116.50425,43.67715,0,454
"Aedes sticticus",2019.96153846154,-87.43765,32.87885,0,455
"Culex pipiens",2020,-85.98515,39.88405,0,456
"Culex quinquefasciatus",2011,-99.19045,21.01815,0,457
"Culex quinquefasciatus",2019,-86.08475,30.31415,0,458
"Aedes communis",2002,-66.68765,45.98455,0,459
"Aedes communis",2003,-67.78325,47.07185,0,460
"Culex tarsalis",2011,-100.24455,19.05105,0,461
"Culex tarsalis",2018.61290322581,-116.37145,43.68545,0,462
"Aedes sticticus",2019.65432098765,-87.88585,41.74325,0,463
"Aedes sticticus",2004.96784565916,-87.89415,41.78475,0,464
"Culex tarsalis",2021.66666666667,-119.73295,37.08695,0,465
"Culex tarsalis",2018.84905660377,-116.47935,43.70205,0,466
"Culex tarsalis",2019.11320754717,-116.33825,43.50285,0,467
"Culex quinquefasciatus",2019,-81.55295,28.68735,0,468
"Aedes communis",2018.46666666667,-149.26435,63.87935,0,469
"Aedes vexans",2016.55357142857,-112.01395,40.80535,0,470
"Aedes communis",2018.60784313725,-71.30245,44.05895,0,471
"Culex tarsalis",2018.63865546218,-116.37145,43.69375,0,472
"Culex tarsalis",2021.86842105263,-96.59255,39.21175,0,473
"Culex quinquefasciatus",2019.39285714286,-81.32885,28.40515,0,474
"Culex tarsalis",2021.27272727273,-110.83535,31.89945,0,475
"Aedes triseriatus",2024,-73.45215,41.75985,0,476
"Aedes communis",2021,-92.10225,46.81455,0,477
"Aedes fitchii",2019.57692307692,-121.99055,45.81855,0,478
"Aedes communis",2021.28571428571,-110.53655,44.95535,0,479
"Aedes sticticus",2006.75656324582,-87.89415,41.82625,0,480
"Aedes sticticus",2008,-76.92155,38.98765,0,481
"Aedes vexans",2014.72727272727,-111.86455,40.74725,0,482
"Aedes vexans",2017.5,-116.36315,43.65225,0,483
"Culex tarsalis",2019.33333333333,-116.19715,43.61075,0,484
"Culex tarsalis",2019.40909090909,-116.33825,43.53605,0,485
"Culex tarsalis",2019.55555555556,-116.18055,43.59415,0,486
"Culex pipiens",2020,-87.81945,41.85115,0,487
"Aedes sticticus",2020.62790697674,-87.81115,32.53025,0,488
"Culex tarsalis",2019.21428571429,-116.26355,43.59415,0,489
"Culex tarsalis",2020.8,-110.83535,31.90775,0,490
"Culex quinquefasciatus",2019,-81.32885,28.36365,0,491
"Aedes sticticus",1997.63043478261,-87.87755,41.85945,0,492
"Aedes communis",1999.69565217391,-73.40235,43.61905,0,493
"Culex tarsalis",2012,-99.14065,19.27515,0,494
"Aedes triseriatus",2025,-73.48535,45.45335,0,495
"Aedes triseriatus",2020.81818181818,-78.14165,38.88805,0,496
"Culex quinquefasciatus",2018,-81.81855,26.67875,0,497
"Culex tarsalis",2022.14285714286,-112.42895,40.19945,0,498
"Aedes sticticus",2018.69047619048,-116.49595,43.68545,0,499
"Aedes communis",2012,-113.78185,49.06385,0,500
"Aedes excrucians",2021.36170212766,-99.10745,47.16315,0,501
"Culex tarsalis",2017.36363636364,-116.34655,43.66885,0,502
"Culex tarsalis",2018.33333333333,-116.45445,43.51115,0,503
"Culex quinquefasciatus",2019,-81.51975,28.68735,0,504
"Culex tarsalis",2018.11594202899,-116.37975,43.70205,0,505
"Aedes communis",2012.82352941176,-111.49935,45.90155,0,506
"Aedes sticticus",2013,-91.95285,40.99625,0,507
"Culex tarsalis",2001,-100.16985,25.95665,0,508
"Aedes communis",2019.65217391304,-90.09365,45.78535,0,509
"Aedes sticticus",2018,-76.78875,36.68025,0,510
"Aedes sticticus",2006.53333333333,-111.49935,45.91815,0,511
"Culex quinquefasciatus",2012,-99.18215,19.48265,0,512
"Culex quinquefasciatus",2022.59459459459,-81.99285,29.69165,0,513
"Culex tarsalis",2019.5,-116.16395,43.58585,0,514
"Aedes sticticus",2020.57142857143,-97.59685,33.41835,0,515
"Aedes sticticus",2020.23076923077,-87.81945,32.53025,0,516
"Culex quinquefasciatus",2019,-86.21755,30.38885,0,517
"Culex quinquefasciatus",2018,-80.97195,29.05255,0,518
"Aedes triseriatus",2023,-76.97135,39.07895,0,519
"Culex quinquefasciatus",2020.66666666667,-94.65035,31.62555,0,520
"Culex quinquefasciatus",2018,-117.60815,33.85825,0,521
"Aedes sticticus",2022.43103448276,-97.57195,33.40175,0,522
"Culex tarsalis",2019.13513513514,-116.39635,43.46965,0,523
"Aedes communis",2019.48837209302,-149.19795,63.87935,0,524
"Aedes fitchii",2019.84210526316,-71.33565,42.00055,0,525
"Aedes sticticus",2015.1,-92.40935,42.52345,0,526
"Aedes communis",2004,-64.80355,46.11735,0,527
"Aedes sticticus",2020.53846153846,-100.90855,46.79795,0,528
"Culex tarsalis",2012,-99.01615,19.20875,0,529
"Aedes sticticus",2022.66666666667,-87.39615,32.95355,0,530
"Culex tarsalis",2023,-106.80985,32.60495,0,531
"Culex pipiens",2019.76923076923,-86.10135,39.66825,0,532
"Aedes sticticus",2011.4,-76.84685,39.10385,0,533
"Aedes communis",2017.92592592593,-90.08535,45.80195,0,534
"Aedes communis",2017,-138.20875,61.00755,0,535
"Aedes communis",2019.1282051282,-71.27755,44.05895,0,536
"Aedes excrucians",2019.76666666667,-71.07835,42.11675,0,537
"Aedes vexans",2017.72222222222,-112.10525,40.78045,0,538
"Aedes fitchii",2021.29411764706,-99.04935,47.17145,0,539
"Aedes sticticus",2013.95,-93.61285,42.05035,0,540
"Aedes excrucians",2019.48888888889,-71.02025,42.14995,0,541
"Culex quinquefasciatus",2018,-117.59985,33.90805,0,542
"Culex tarsalis",2018.26470588235,-116.43785,43.49455,0,543
"Culex pipiens",2009,-97.73795,24.53735,0,544
"Culex tarsalis",2007,-100.64295,26.04795,0,545
"Aedes fitchii",2018.16666666667,-122.78735,50.33375,0,546
"Aedes communis",2003,-67.27695,45.19605,0,547
"Culex tarsalis",2001,-100.05365,25.30925,0,548
"Aedes communis",2012,-116.15565,51.40445,0,549
"Culex tarsalis",2019.14634146341,-116.28015,43.66055,0,550
"Aedes communis",2017,-138.41625,61.02415,0,551
"Aedes communis",2019.78787878788,-147.48815,65.16585,0,552
"Aedes triseriatus",2025,-82.74815,39.60185,0,553
"Culex tarsalis",2000,-100.11175,25.44205,0,554
"Aedes sticticus",2020.6,-104.77635,40.81365,0,555
"Aedes communis",2019.25,-105.53165,40.16625,0,556
"Aedes communis",2017.2,-71.28585,44.07555,0,557
"Culex tarsalis",2011.98412698413,-99.21535,19.33325,0,558
"Aedes sticticus",2010.0625,-76.92985,38.95445,0,559
"Aedes triseriatus",2021,-95.39735,31.41805,0,560
"Culex quinquefasciatus",2018,-117.40065,33.95785,0,561
"Aedes communis",2017.76470588235,-72.24035,42.44045,0,562
"Culex tarsalis",2023,-119.26815,37.02885,0,563
"Aedes sticticus",2020.05555555556,-77.96735,39.08725,0,564
"Culex quinquefasciatus",2019.44444444444,-81.22925,28.57945,0,565
"Aedes communis",2022.63636363636,-119.01085,36.97905,0,566
"Culex tarsalis",2018.83333333333,-116.31335,43.64395,0,567
"Aedes fitchii",2022.9375,-112.45385,40.17455,0,568
"Aedes communis",2020.48837209302,-90.04385,45.79365,0,569
"Culex tarsalis",2022,-121.31825,38.63075,0,570
"Aedes sticticus",2020.92307692308,-96.59255,39.09555,0,571
"Aedes triseriatus",2021.48484848485,-81.94305,29.68335,0,572
"Aedes communis",2004.77142857143,-73.94185,45.42845,0,573
"Culex tarsalis",2019,-116.22205,43.61075,0,574
"Culex tarsalis",2001,-99.63035,25.64955,0,575
"Aedes sticticus",2022.02173913043,-100.91685,46.77305,0,576
"Aedes excrucians",2002,-64.77035,46.09245,0,577
"Aedes fitchii",2016,-110.50335,47.26275,0,578
"Aedes sticticus",2019.53571428571,-71.33565,42.14165,0,579
"Aedes sticticus",1995,-87.81115,41.83455,0,580
"Aedes sticticus",2005.5,-115.40865,47.65285,0,581
"Culex quinquefasciatus",2019.42857142857,-81.50315,28.51305,0,582
"Culex tarsalis",2021.8,-110.86025,31.77495,0,583
"Aedes communis",2019,-128.92105,60.06135,0,584
"Aedes sticticus",2014,-114.27985,47.47025,0,585
"Aedes communis",2019.38922155689,-71.28585,44.06725,0,586
"Culex quinquefasciatus",2020,-90.11025,29.91575,0,587
"Culex quinquefasciatus",2018,-117.39235,33.97445,0,588
"Culex tarsalis",2018.85810810811,-116.38805,43.69375,0,589
"Culex tarsalis",2018.56880733945,-116.38805,43.67715,0,590
"Aedes vexans",2017.125,-112.03055,40.78045,0,591
"Aedes communis",2011.34615384615,-111.56575,46.16715,0,592
"Culex tarsalis",1987,-100.37735,25.80725,0,593
"Aedes sticticus",2019.71875,-71.11985,42.22465,0,594
"Aedes sticticus",2000.72527472527,-87.80285,41.84285,0,595
"Aedes communis",2018.78260869565,-90.06045,45.80195,0,596
"Culex tarsalis",2018.33333333333,-116.34655,43.61905,0,597
"Aedes sticticus",2020.7619047619,-99.24855,47.13825,0,598
"Aedes sticticus",2020,-94.64205,31.63385,0,599
"Aedes sticticus",2018.1,-76.73065,38.92125,0,600
"Aedes triseriatus",2022,-78.14165,38.89635,0,601
"Culex quinquefasciatus",2018,-117.35085,34.01595,0,602
"Aedes fitchii",2021.6875,-99.05765,47.11335,0,603
"Aedes sticticus",2019.35714285714,-71.32735,42.05035,0,604
"Aedes triseriatus",2025,-84.55755,39.19515,0,605
"Culex pipiens",2024,-75.70145,39.65995,0,606
"Aedes communis",2019.20689655172,-89.50435,46.21695,0,607
"Aedes triseriatus",2020,-83.66945,41.67685,0,608
"Culex tarsalis",2022.28947368421,-104.74315,40.81365,0,609
"Aedes sticticus",2020,-83.49515,41.61875,0,610
"Aedes communis",2014,-137.42855,60.71705,0,611
"Aedes communis",2020.25925925926,-149.58805,68.63525,0,612
"Aedes communis",2002.05882352941,-64.80355,46.08415,0,613
"Aedes communis",2018.55871886121,-105.58145,40.05835,0,614
"Culex tarsalis",2018.38709677419,-116.35485,43.67715,0,615
"Aedes communis",2020.03401360544,-72.17395,42.54005,0,616
"Culex tarsalis",2019.6,-116.33825,43.68545,0,617
"Aedes communis",2005,-73.94185,45.37035,0,618
"Culex tarsalis",2019.04347826087,-116.41295,43.63565,0,619
"Aedes sticticus",2021.7,-80.56525,37.41895,0,620
"Aedes communis",2018.15789473684,-89.49605,46.22525,0,621
"Culex tarsalis",2021.5,-122.31425,45.74385,0,622
"Culex tarsalis",2022.42857142857,-112.50365,40.16625,0,623
"Aedes communis",2020.16666666667,-147.51305,65.15755,0,624
"Aedes sticticus",2011.28571428571,-111.50765,46.36635,0,625
"Aedes communis",2009.06666666667,-113.00995,46.91415,0,626
"Culex tarsalis",2019.10126582278,-116.43785,43.66885,0,627
"Aedes sticticus",2019.88601036269,-87.82775,41.89265,0,628
"Aedes sticticus",2019.375,-83.47025,41.66025,0,629
"Aedes communis",2010,-93.78715,58.63375,0,630
"Culex tarsalis",2021.5,-103.02505,40.48165,0,631
"Aedes sticticus",1994.97142857143,-87.80285,41.83455,0,632
"Aedes communis",2002,-64.78695,46.06755,0,633
"Culex quinquefasciatus",2019.23529411765,-81.43675,28.62925,0,634
"Aedes communis",2002.12,-64.72055,46.07585,0,635
"Aedes communis",2020.56923076923,-147.48815,65.15755,0,636
"Aedes sticticus",2006.66666666667,-114.05575,46.64025,0,637
"Aedes communis",2002,-64.87825,46.12565,0,638
"Aedes sticticus",2014.27272727273,-90.63315,41.48595,0,639
"Aedes triseriatus",2020,-83.70265,41.63535,0,640
"Culex quinquefasciatus",2019.55555555556,-82.16715,27.46725,0,641
"Aedes sticticus",2022.61904761905,-97.60515,33.40175,0,642
"Aedes communis",2020.15,-72.24035,42.45705,0,643
"Aedes sticticus",2016.69047619048,-93.47175,41.55235,0,644
"Aedes sticticus",2007.28571428571,-106.64385,48.17575,0,645
"Aedes vexans",2017.5,-116.35485,43.66055,0,646
"Culex quinquefasciatus",2019,-85.99345,30.27265,0,647
"Aedes fitchii",2019.48571428571,-71.19455,42.10845,0,648
"Aedes triseriatus",2019,-86.31715,39.74295,0,649
"Aedes sticticus",2021.13513513514,-88.19295,31.82475,0,650
"Aedes sticticus",2018.89189189189,-83.76905,41.52745,0,651
"Aedes fitchii",2021.66666666667,-119.25155,37.02885,0,652
"Culex tarsalis",2021.48484848485,-96.60915,39.11215,0,653
"Culex quinquefasciatus",2019.48275862069,-81.14625,28.52135,0,654
"Culex tarsalis",2021.45454545455,-96.60085,39.22005,0,655
"Culex tarsalis",2018.47368421053,-116.40465,43.65225,0,656
"Aedes communis",2012,-116.06435,51.34635,0,657
"Aedes sticticus",1997.58550724638,-87.90245,41.72665,0,658
"Culex quinquefasciatus",2019.4,-81.50315,28.62925,0,659
"Aedes sticticus",2019.51351351351,-71.17795,42.16655,0,660
"Aedes communis",2008.55882352941,-114.25495,48.11765,0,661
"Culex quinquefasciatus",2019,-86.29225,30.38055,0,662
"Aedes sticticus",2018.80459770115,-83.79395,41.56895,0,663
"Aedes communis",2007.44444444444,-94.16065,58.65865,0,664
"Culex quinquefasciatus",2020,-111.60725,33.25235,0,665
"Culex quinquefasciatus",2012,-103.48155,20.79405,0,666
"Aedes communis",2014,-126.93735,54.76595,0,667
"Aedes sticticus",2020,-84.47455,31.21055,0,668
"Aedes sticticus",2006.03225806452,-114.27985,48.17575,0,669
"Culex pipiens",2020,-86.05155,39.75955,0,670
"Aedes communis",2019.90625,-147.48815,65.18245,0,671
"Culex quinquefasciatus",2018,-117.57495,33.92465,0,672
"Culex pipiens",2020,-87.80285,41.78475,0,673
"Aedes sticticus",2014.07407407407,-93.66265,42.04205,0,674
"Aedes communis",2019,-128.81315,60.09455,0,675
"Aedes excrucians",2009,-93.91165,58.74995,0,676
"Aedes sticticus",2020.67741935484,-88.19295,31.81645,0,677
"Aedes communis",2019.46666666667,-110.40375,44.92215,0,678
"Culex tarsalis",2017.63636363636,-116.40465,43.69375,0,679
"Culex pipiens",2019.78571428571,-85.97685,39.73465,0,680
"Aedes communis",2009,-105.87195,39.90065,0,681
"Culex quinquefasciatus",2019.5,-100.72595,20.03875,0,682
"Aedes fitchii",2017.66666666667,-106.76835,47.95165,0,683
"Aedes sticticus",2018.83333333333,-84.45795,31.20225,0,684
"Culex tarsalis",2019.39215686275,-116.34655,43.51115,0,685
"Aedes sticticus",2018.6,-76.88005,39.07895,0,686
"Aedes sticticus",2019.67231638418,-87.88585,41.85945,0,687
"Culex quinquefasciatus",2020,-121.12735,38.65565,0,688
"Culex quinquefasciatus",2019.54545454545,-81.34545,28.51305,0,689
"Culex quinquefasciatus",2018,-117.35915,33.70055,0,690
"Aedes communis",2019.82142857143,-145.73685,63.87105,0,691
"Aedes fitchii",2013,-114.65335,48.61565,0,692
"Culex pipiens",2020,-87.79455,41.90925,0,693
"Culex tarsalis",2012,-99.19875,19.39965,0,694
"Aedes sticticus",2019.77777777778,-71.39375,42.14995,0,695
"Culex tarsalis",2001,-99.94575,25.85705,0,696
"Culex tarsalis",2018.7125,-116.34655,43.67715,0,697
"Aedes sticticus",2019,-71.16135,42.18315,0,698
"Aedes communis",2002,-66.73745,45.83515,0,699
"Aedes sticticus",2006.63157894737,-114.30475,48.20895,0,700
"Aedes sticticus",2019.05,-77.96735,39.07895,0,701
"Aedes fitchii",2016.33333333333,-114.23835,48.08445,0,702
"Culex quinquefasciatus",2019.54545454545,-81.52805,28.38855,0,703
"Aedes sticticus",2014.5,-76.91325,39.00425,0,704
"Aedes communis",2020.58,-119.00255,37.00395,0,705
"Culex tarsalis",2001.44444444444,-99.09085,19.19215,0,706
"Culex quinquefasciatus",2016,-90.85725,16.25395,0,707
"Culex tarsalis",2001,-100.11175,25.43375,0,708
"Culex tarsalis",2019.53846153846,-116.41295,43.47795,0,709
"Aedes communis",2020.5,-145.77835,63.88765,0,710
"Culex quinquefasciatus",2019.91666666667,-81.45335,28.40515,0,711
"Aedes sticticus",2013.125,-107.73115,48.38325,0,712
"Aedes communis",2011,-113.39175,62.50985,0,713
"Culex quinquefasciatus",2012,-99.58055,19.41625,0,714
"Aedes triseriatus",2025,-92.60025,31.20225,0,715
"Aedes communis",2021.85714285714,-145.75345,63.92085,0,716
"Aedes triseriatus",2025,-87.13885,35.95815,0,717
"Aedes communis",2008,-148.09405,64.75085,0,718
"Culex tarsalis",2020,-97.55535,30.49675,0,719
"Aedes communis",2010,-94.14405,58.66695,0,720
"Aedes communis",2009.8,-94.05275,58.70015,0,721
"Culex quinquefasciatus",2019.36842105263,-81.20435,28.47985,0,722
"Aedes sticticus",2020,-83.85205,41.47765,0,723
"Aedes sticticus",2013.79487179487,-93.61285,41.61045,0,724
"Aedes communis",2003,-64.70395,47.72755,0,725
"Aedes fitchii",2020.76923076923,-100.91685,46.78965,0,726
"Culex quinquefasciatus",2019.75,-82.41615,27.64155,0,727
"Aedes sticticus",2012.66666666667,-76.75555,38.81335,0,728
"Culex quinquefasciatus",2012,-99.63035,20.56165,0,729
"Culex quinquefasciatus",2019,-81.43675,28.46325,0,730
"Culex tarsalis",2019.23076923077,-116.23865,43.59415,0,731
"Aedes triseriatus",2019.6,-76.72235,38.95445,0,732
"Culex tarsalis",2024.87037037037,-120.09815,37.40235,0,733
"Culex quinquefasciatus",2017,-100.12835,19.19215,0,734
"Aedes triseriatus",2021.66666666667,-79.32025,43.69375,0,735
"Aedes triseriatus",2020,-77.22865,38.88805,0,736
"Aedes sticticus",2006.33333333333,-108.76865,45.67745,0,737
"Aedes triseriatus",2022,-70.83765,42.19975,0,738
"Aedes excrucians",2019.42857142857,-99.04935,47.11335,0,739
"Aedes sticticus",2019.0612244898,-78.04205,39.03745,0,740
"Culex quinquefasciatus",2012,-100.09515,18.90165,0,741
"Culex quinquefasciatus",2020.5,-81.42845,28.13125,0,742
"Aedes sticticus",2019.53333333333,-84.48285,31.18565,0,743
"Aedes communis",2019.30555555556,-145.73685,63.85445,0,744
"Aedes sticticus",1998.32283464567,-87.86925,41.74325,0,745
"Culex quinquefasciatus",2021,-82.39125,29.68335,0,746
"Aedes communis",2007.44444444444,-94.16895,58.65865,0,747
"Aedes sticticus",2021,-87.81115,32.53855,0,748
"Aedes fitchii",2010,-112.73605,46.31655,0,749
"Culex quinquefasciatus",2020,-81.55295,28.73715,0,750
"Aedes fitchii",2012,-81.65255,45.24585,0,751
"Culex quinquefasciatus",2011,-100.63465,22.41255,0,752
"Culex tarsalis",2022.33333333333,-96.60915,39.07895,0,753
"Aedes communis",2003,-67.20225,45.22925,0,754
"Culex pipiens",2020,-86.11795,39.82595,0,755
"Culex tarsalis",1994,-100.28605,25.88195,0,756
"Aedes sticticus",2013.2380952381,-76.78045,39.04575,0,757
"Culex quinquefasciatus",2018,-117.23465,33.68395,0,758
"Culex tarsalis",2023,-116.29675,43.53605,0,759
"Aedes communis",2020.96296296296,-145.75345,63.92915,0,760
"Culex tarsalis",2018.93959731544,-116.49595,43.67715,0,761
"Aedes sticticus",2006.27272727273,-114.27985,48.26705,0,762
"Aedes sticticus",2018.52459016393,-116.13075,43.56925,0,763
"Culex tarsalis",2020.5,-96.58425,39.07065,0,764
"Aedes sticticus",2019.4358974359,-71.25265,42.12505,0,765
"Culex quinquefasciatus",2012,-100.82555,19.98065,0,766
"Aedes excrucians",2025,-83.70265,42.19975,0,767
"Culex pipiens",2025,-83.68605,42.23295,0,768
"Aedes sticticus",2016.2,-83.80225,41.45275,0,769
"Aedes fitchii",2002,-64.77035,46.07585,0,770
"Aedes triseriatus",2023,-79.17915,41.75155,0,771
"Culex tarsalis",2021,-99.08255,35.40205,0,772
"Culex pipiens",2020,-86.10135,39.79275,0,773
"Aedes sticticus",2016.5,-114.26325,48.28365,0,774
"Aedes communis",2019.48387096774,-90.04385,45.78535,0,775
"Aedes communis",2007,-156.53515,58.66695,0,776
"Culex quinquefasciatus",2019.57894736842,-81.60275,28.56285,0,777
"Aedes vexans",2015.71428571429,-111.92265,40.77215,0,778
"Aedes sticticus",2005.5,-111.65705,45.83515,0,779
"Aedes triseriatus",2025,-77.34485,38.92955,0,780
"Culex tarsalis",2019.22807017544,-116.32165,43.52775,0,781
"Aedes sticticus",2009,-108.68565,48.49115,0,782
"Aedes excrucians",2019.47368421053,-71.25265,42.08355,0,783
"Aedes triseriatus",2025,-78.02545,34.54715,0,784
"Culex quinquefasciatus",2019.6,-82.50745,27.57515,0,785
"Culex quinquefasciatus",2019,-81.61105,28.55455,0,786
"Aedes sticticus",2020.26666666667,-95.20645,39.04575,0,787
"Aedes fitchii",2018,-110.60295,44.95535,0,788
"Culex quinquefasciatus",2018,-117.30935,33.65075,0,789
"Aedes sticticus",1998.52212389381,-87.79455,41.88435,0,790
"Aedes sticticus",2020,-72.24865,42.43215,0,791
"Aedes communis",1999,-72.84625,44.16685,0,792
"Culex quinquefasciatus",2018,-117.56665,33.89975,0,793
"Culex pipiens",2020,-87.86925,41.86775,0,794
"Aedes sticticus",2006.70588235294,-114.09725,48.06785,0,795
"Aedes excrucians",2010,-93.77885,58.63375,0,796
"Aedes sticticus",2013.7358490566,-92.44255,42.53175,0,797
"Aedes communis",2000,-72.32335,44.06725,0,798
"Aedes sticticus",2014.28571428571,-112.66965,45.46995,0,799
"Aedes fitchii",2020,-70.93725,42.21635,0,800
"Culex pipiens",2020,-86.18435,39.72635,0,801
"Culex quinquefasciatus",2019.42857142857,-81.02175,28.56285,0,802
"Aedes triseriatus",2022,-75.52715,38.94615,0,803
"Aedes excrucians",2025,-83.71095,42.24125,0,804
"Culex pipiens",2022,-73.85055,40.74725,0,805
"Culex quinquefasciatus",2018,-117.56665,33.97445,0,806
"Aedes communis",2024.68421052632,-147.80355,64.88365,0,807
"Aedes triseriatus",2020,-93.28915,44.88065,0,808
"Aedes triseriatus",2023,-98.70905,29.77465,0,809
"Aedes communis",2020.73333333333,-110.45355,44.94705,0,810
"Culex quinquefasciatus",2023,-114.96045,35.99965,0,811
"Culex tarsalis",2022.31818181818,-103.03335,40.46505,0,812
"Aedes communis",2022.225,-149.37225,68.66015,0,813
"Aedes sticticus",2008.48571428571,-114.06405,46.83945,0,814
"Aedes communis",2000,-66.48015,45.76875,0,815
"Culex tarsalis",2018.85714285714,-116.47105,43.66055,0,816
"Aedes sticticus",2019.90909090909,-76.92155,38.90465,0,817
"Aedes sticticus",2005.5,-110.54485,45.67745,0,818
"Aedes communis",2021.55555555556,-105.53995,40.19115,0,819
