"presence","fold","bio08","bio09","bio16","bio17","forest","urban"
0,3,9.45317829457364,-25.0068217054264,164.289147286822,49,0,0
0,1,5.93076923076923,21.3546419098143,417.696286472148,13.9827586206897,1,0
0,1,0.587589498806683,18.1886634844869,332.226730310263,264.305489260143,0,1
0,3,18.4357480314961,15.2968503937008,296.020472440945,21.4771653543307,0,0
1,2,13.3871967654987,21.3508086253369,125.196765498652,20.3477088948787,0,1
0,3,17.5391954022989,-5.9867816091954,286.552873563218,222.296551724138,1,0
0,2,16.7351111111111,-10.6648888888889,308.963333333333,84.9266666666667,1,0
0,2,9.41739594450374,-25.1,165,46,0,0
1,1,1.02622107969152,14.7131105398458,419.323907455013,23.1311053984576,1,0
0,2,20.7202806122449,0.589158163265306,283.108418367347,194.121173469388,1,0
0,2,16.9643305439331,-11.9620292887029,211.088912133891,25.6213389121339,0,0
1,3,7.77894056847545,20.0525839793282,624.700258397933,11.749354005168,0,0
1,1,11.4560055865922,23.5081005586592,194.972067039106,10.0013966480447,0,1
1,1,5.22357456140351,17.7381578947368,553.377192982456,64.171052631579,0,1
0,1,-3.98295081967213,-1.81060109289617,325.318032786885,255.818579234973,1,0
1,2,8.1,24.2010165184244,371.002541296061,18.0914866581957,0,1
0,2,16.9056782334385,-11.8971608832808,214.46792849632,29.1766561514196,0,0
1,1,5.02395287958115,20.0824607329843,444.36387434555,16,1,0
0,1,4.22271105826397,18.2438763376932,325.027348394768,266.399524375743,0,1
0,3,0.557790055248619,20.5583425414365,112.265193370166,37,0,1
1,2,6.41454993834772,15.1907521578298,990.451294697904,34.5289765721332,1,0
0,2,21.6954326923077,-1.89182692307692,260.836538461539,155.918269230769,0,1
0,3,9.9,23.2519546027743,139.852459016393,70,0,0
0,3,10.2099790648988,-9.88464759246336,145.926727145848,46.1744591765527,1,0
1,3,9.40971502590674,18.2974093264249,540.519430051814,9.88730569948187,0,1
0,2,24.650988700565,20.190395480226,243.790960451977,26.1949152542373,0,0
0,2,11.9174515235457,23.6480609418283,173.175900277008,10.4764542936288,0,0
1,3,9.6530135301353,22.4974169741697,149.081180811808,71,0,1
0,1,27.4,17.4446244477172,593.434462444772,166.558173784978,0,0
0,1,1.17371794871795,14.9188461538462,421.032051282051,22.5217948717949,1,0
0,2,16.6405448717949,12.3738782051282,496.602564102564,23,0,1
0,3,28.5,21.2179028132992,295.734015345269,89.9718670076726,0,0
0,3,1.07429537767756,-6.01093573844419,328.108229988726,256.002254791432,1,0
1,3,1.56656656656657,12.0796796796797,920.93993993994,209.434434434434,1,0
1,3,9.94245524296675,17.9695652173913,295.166240409207,7,0,1
1,2,13.3505992010652,21.1031957390147,122.109187749667,20.3914780292943,0,1
0,1,26.9721139430285,16.7685157421289,310.826086956522,59,0,0
1,2,5.32426550598477,13.5213275299238,1275.10446137106,275.15451577802,1,0
0,2,26.5364406779661,21.686581920904,200.024011299435,21.7118644067797,0,0
0,3,16.8701818181818,-3.76266666666667,302.88,256.16,1,0
0,2,22.2674050632911,17.7742088607595,206.221518987342,19.3306962025316,0,0
0,1,21.3885167464115,-1.9,261,157,0,0
0,3,0.239555555555556,20.5718888888889,107.734444444444,35.4577777777778,0,0
0,2,13.6284237726098,19.6452196382429,394.673126614987,268.961240310077,0,1
0,3,22.0726946107784,-3.87125748502994,302.719760479042,141.863473053892,0,1
0,2,27.3069016152717,17.2,524.016152716593,165,0,1
0,3,24.8251336898396,10.7516042780749,334.351604278075,245.945187165775,0,1
1,2,7.06772908366534,15.6371845949535,372.827357237716,7.02788844621514,0,0
1,2,3.20818083961249,15.5083961248654,1161.19698600646,165.437029063509,1,0
0,1,25.121375186846,14.5318385650224,467.742899850523,60.1808669656203,0,0
0,3,22.2,-3.50627261761158,300,143,0,1
1,1,3.46435045317221,16.5673716012085,637.743202416919,166.928499496475,0,0
0,1,20.6,-1.9,318.38895859473,196,0,1
1,1,12.146174863388,22.7842896174863,254.281420765027,7.09972677595628,0,1
1,3,7.2955421686747,15.2331325301205,770.386746987952,49.6036144578313,1,0
0,1,7.1971119133574,0.904981949458484,226.618772563177,69.7718411552347,1,0
0,2,-3.64773706896552,15.545150862069,343.852370689655,258.6875,0,1
0,3,15.886308871851,-9.4,300,110.403066812705,0,0
0,2,14.7158908507223,10.7884430176565,593.956661316212,31.2247191011236,0,0
1,2,3.36316831683168,12.9248514851485,962.933663366337,240.636633663366,1,0
1,3,-0.150276854928018,19.8647840531561,142.996677740864,40.5514950166113,0,1
1,1,3.74012036108325,16.3143430290873,564.964894684052,139.802407221665,0,1
0,2,26.7622478386167,15.9,546.864553314121,292.945244956772,0,0
0,2,23.8973082099596,6.3,200.707940780619,37.3405114401077,0,1
0,3,16.9420289855072,-3.63490338164251,303.057971014493,257.061594202899,1,0
0,1,25.4232835820896,15.0232835820896,255.155223880597,43.5388059701493,0,1
1,1,6.25525238744884,18.8929058663029,382.832196452933,31.8417462482947,1,0
0,1,20.0960880195599,-6.37322738386308,335.771393643032,71.078239608802,0,1
0,1,22.2495641344956,-1.540099626401,355.118306351183,68,0,0
0,2,16.7651548672566,-10.6066371681416,308.651548672566,85,0,0
0,2,27.2461200585652,16.7,532.682284040996,169.323572474378,0,1
0,2,20.5675544794189,-5.4043583535109,323.400726392252,76.0326876513317,0,1
0,1,9.7640625,23.9,420.946022727273,309.963068181818,1,0
1,3,8.9753280839895,24.7343832020997,164.87532808399,6,0,0
1,1,9.20333333333333,24.9773333333333,240.604,5,0,0
0,3,0.473244147157191,20.3494983277592,90.2764771460424,34.5139353400223,0,1
0,2,9.43521126760563,-25.1,165,46,0,0
0,3,22.3868956743003,-0.397964376590331,371.132315521629,93,1,0
0,3,0.347898230088496,20.4,106.610619469027,35.8595132743363,0,1
0,3,0.48534961154273,20.342730299667,91.6970033296337,34.9822419533851,0,0
0,3,0.362153163152053,20.4621531631521,114.207547169811,36,0,1
0,3,0.5,20.6004429678848,117.429678848284,37,0,1
0,3,9.34250386398764,-25.2891035548686,164,48.6715610510046,0,0
0,3,9.4757698541329,-25,164.488654781199,49,0,0
0,2,13.441,-2.20045454545455,205.364545454545,70.5327272727273,1,0
0,3,22,-3.70548780487805,301.710975609756,141.010975609756,0,1
0,3,9.85125944584383,23.0090680100756,143.372795969773,70,0,1
0,3,14.4479549496147,-12.233669235329,138.244813278008,37.7937166567872,0,0
0,3,0.4,20.4530521642619,108.380688124306,36,0,1
1,1,3.3399377593361,12.3707468879668,1045.27904564315,281.775933609958,1,0
0,3,9.8587795765878,23.0551681195517,143.947696139477,71,0,0
1,1,8.8735255570118,24.7273918741809,268.906946264744,6,0,0
0,1,16.1805953693495,-11.3126791620728,313.148842337376,87,1,0
1,1,2.96507115135834,17.3073738680466,529.323415265201,24.8382923673997,1,0
0,2,-3.9028230184582,12.7836047774159,344.522258414767,259.812160694897,0,1
0,2,14.3406952965235,1.48067484662577,154.529652351738,93.5930470347648,0,0
0,3,-2.2360157016683,16.8976447497547,455.021589793916,115.638861629048,1,0
0,3,0.364966740576497,20.3981152993348,113.412416851441,36,0,1
0,3,0.349115044247788,20.4379424778761,112.383849557522,36,0,0
0,3,18.2070155902004,-6.79922048997773,270.102449888641,192.229398663697,0,0
0,2,26.9076379066478,19.9332390381895,397.46676096181,227.902404526167,1,0
0,1,9.13005540166205,22.3279778393352,437.63296398892,274.480609418283,1,0
1,2,2.25840517241379,15.8428879310345,1234.44073275862,137.355603448276,1,0
0,2,14.5313240043057,-4.76318622174381,118.449946178687,17.3519913885899,0,0
1,1,6.0255376344086,17.5915322580645,378.799731182796,34.2540322580645,0,0
0,1,0.8,18.4502375296912,323.388361045131,256,0,0
1,2,11.5592193808883,23.0608344549125,204.979811574697,10,0,1
1,3,10.0166233766234,18.5488311688312,596.363636363636,10,0,1
0,2,20.5960784313726,-5.25649509803922,322.769607843137,79.0122549019608,0,1
1,2,8.26251604621309,23.0124518613607,266.222079589217,5.93196405648267,0,1
1,3,10.1287564766839,16.2113989637306,338.301813471503,9.84715025906736,1,0
0,3,23.9378306878307,10.7633597883598,367.636243386243,244.007936507936,0,1
0,1,23.5071428571429,1.64910714285714,302.669642857143,233.845663265306,0,0
0,2,20.7753658536585,-2.6,246.984146341463,151,0,1
0,3,0.6,20.7976692563818,117.11320754717,37,0,1
0,3,0.5,20.405,91.4066666666667,34.6911111111111,0,0
1,2,7.49209354120267,15.2516703786192,781.447661469933,70.3028953229399,1,0
0,1,16.2290889132821,-11.2967069154775,312.950603732162,87,1,0
0,2,27.3502209131075,17.2721649484536,522.00441826215,166,0,1
0,1,22.7246418338109,10.1471346704871,271,147.636103151862,0,0
1,2,7.39002525252525,20.1987373737374,610.574494949495,13.7790404040404,0,0
0,3,0.682452193475815,-6.34578177727784,344.352080989876,270.640044994376,1,0
0,1,9.7,22.7987465181059,432.636490250696,264,0,0
0,1,24.4790178571428,15.4013392857143,129.505952380952,26.5848214285714,0,0
0,3,22.0179926560588,-3.67943696450428,301.231334149327,141.250917992656,0,1
0,3,22.8091420534459,27.8330520393812,310.682137834037,194.135021097046,0,0
0,2,13.2065187239945,24.1320388349515,136.804438280166,11.3314840499307,0,1
0,2,13.3447860962567,21.3131016042781,122.562834224599,21.4839572192513,0,1
0,2,17.7663461538462,13.0206730769231,352.929487179487,20,0,1
0,2,16.5980769230769,12.0448717948718,433.429487179487,26.4326923076923,0,0
0,1,21.6531001589825,17.2257551669316,242.721780604134,22.543720190779,0,0
0,3,-2.49813359528487,16.5318271119843,432.957760314342,114.777996070727,1,0
1,2,3.33648068669528,15.7127682403433,1154.76072961373,164.604077253219,1,0
1,3,4.16192893401015,14.3075126903553,530.328934010152,73.8852791878172,1,0
0,1,19.2668197474168,-3.5,222.794489092997,164.485648679678,0,1
1,1,1.02599231754161,14.7583866837388,417.060179257363,23.291933418694,1,0
0,3,9.8,22.8468557336622,152.059186189889,71,0,1
0,3,0.980877390326209,-6.0384701912261,333.590551181102,260.897637795276,1,0
1,1,9.13281853281853,24.9431145431145,248.11583011583,5.28700128700129,0,0
0,1,23.3702366127024,1.76600249066002,303.352428393524,229.359900373599,0,1
0,3,10.9254480286738,-6.33362007168459,108.853046594982,36.8430107526882,1,0
0,1,9.22167832167832,22.4172027972028,437.451748251748,272.394405594406,1,0
0,3,14.3224249558564,-12.3757504414361,139.214243672749,37.3225426721601,1,0
0,1,27.3,16.6420204978038,535.415812591508,175.348462664715,0,1
1,1,8.68395225464191,18.1757294429708,475.644562334217,10.7732095490716,1,0
0,2,9.49675810473815,-25.1,165,46,0,0
0,2,2.24625267665953,15.8434689507495,1233.88758029979,136.886509635974,1,0
0,2,27.3904411764706,17.1,526.520588235294,167,0,1
0,2,17.6099378881988,-9.1,149,24.1169772256729,0,0
1,2,12.7721763085399,24.0539944903581,149.679063360882,10.1790633608815,0,1
0,3,0.3,20.4,113.554817275748,36,0,0
1,2,11.8873825503356,23.7148993288591,173.422818791946,10.0671140939597,0,1
0,3,21.2020504731861,16.8287066246057,405.285488958991,40.7492113564669,1,0
0,3,0.339733629300777,20.4463928967814,113.110987791343,36,0,0
0,3,1.09932432432432,-5.98265765765766,328.154279279279,256.054054054054,1,0
1,3,9.24028497409327,18.7980569948187,395.683937823834,9.84455958549223,1,0
0,1,10.9122676579926,-11.3213135068154,207.182156133829,42.1530359355638,0,0
0,3,0.3,20.401546961326,105.824309392265,35.2596685082873,0,1
1,2,13.3186991869919,21.1850948509485,132.422764227642,19.5420054200542,0,1
1,2,8.6,23.7607277289837,263.868255959849,7,0,1
0,2,17.68608,12.90128,452.1392,23,0,1
0,3,0.516351501668521,20.7127919911012,117.246941045606,37,0,1
0,2,-3.63358531317495,13.0638228941685,340.225701943845,256.876889848812,1,0
0,3,0.171192052980132,20.2620309050773,121.806843267108,37.6181015452539,0,0
0,3,22.2007228915663,-3.5,300,143,0,1
0,2,26.8,15.8,533.001776198934,286.785079928952,0,1
1,2,6.79056603773585,13.0811320754717,984.622641509434,298,1,0
0,3,22.1887236679058,-1.29219330855019,353.852540272615,71,0,0
0,2,16.9469473684211,-11.8046315789474,215.046315789474,30,0,0
1,1,8.56084656084656,18.109126984127,474.958994708995,11.1693121693122,1,0
0,2,8.75351213282248,23.8855683269476,302.697318007663,10,0,1
1,3,9.76069651741294,22.7601990049751,148.455223880597,70,0,1
0,2,20.4963291139241,0.428354430379747,285.143037974684,192.562025316456,0,0
0,2,26.767094017094,15.8,540.371794871795,291.206552706553,0,0
0,1,0.9,-2.21512513601741,307.400435255713,234,1,0
1,2,3.12990353697749,15.2936763129689,1145.56806002144,166.243301178992,1,0
0,3,22.1930704898447,-3.70692951015532,302.011947431302,141.568697729988,0,1
1,1,8.5895618556701,17.7926546391753,471.170103092783,12.8814432989691,1,0
0,1,25.4006802721088,12.867074829932,485.887074829932,234,1,0
0,2,26.83906020558,15.7627019089574,565.176211453745,193.484581497797,0,1
0,3,0.292707182320442,20.3927071823204,116.491712707182,36,0,1
0,2,12.5089090909091,-2.97363636363636,211.963636363636,72.4963636363637,1,0
0,2,27.2787077826725,16.7787077826725,532.140969162996,163.461086637298,0,1
1,2,3.37158634538153,15.5175702811245,892.610441767068,147.722891566265,0,0
1,1,2.56475138121547,16.7791160220994,875.837569060773,120.420994475138,1,0
1,3,8.81401028277635,16.7506426735219,547.739074550129,17.4832904884319,1,0
1,2,1.90118152524168,15.4064446831364,1215.67669172932,140.342642320086,1,0
1,3,0.781374722838138,21.0625277161863,121.854767184035,37.1119733924612,0,1
0,1,1.04834874504624,14.8421400264201,410.507265521797,23.3923381770145,1,0
1,1,8.89867724867725,17.0337301587302,453.441798941799,12.6732804232804,1,0
0,2,17.5828810020877,-8.43872651356994,151.525052192067,26,0,0
0,1,10.5992927864215,23.0165487977369,458.01414427157,280.256011315417,0,0
1,2,5.41014492753623,13.6101449275362,1292.89855072464,283,1,0
0,3,22.1,-3.69439140811456,301.85799522673,142,0,1
0,2,17.6976,12.93296,373.0096,21,0,1
0,1,0.747636363636364,18.362303030303,326.546666666667,256.666666666667,0,1
0,3,0.390386740331492,20.4903867403315,112.991160220994,36,0,1
0,2,12.8153432032301,22.8487213997308,169.080753701211,16.0955585464334,0,1
0,2,26.6433333333333,17.2942028985507,530.31884057971,197.797101449275,1,0
0,1,18.4047013977128,-2.57369758576874,227.095298602287,29.0952986022872,0,0
0,2,14.367620020429,1.46241062308478,155.201225740552,93.5546475995914,0,0
0,3,18.2021252796421,-7.58020134228188,243,168,0,1
1,1,23.1276276276276,14.3602102102102,335.397897897898,44.3138138138138,0,0
0,3,22.0108173076923,-3.67692307692308,301,141.997596153846,0,1
0,2,17.7754807692308,13.0016025641026,347.544871794872,21,0,1
0,2,13.9303672316384,19.9456214689266,396.817796610169,228,1,0
1,2,8.42842377260982,23.8403100775194,336.704134366925,11,0,0
1,2,6.39479034307497,21.9869123252859,631.850063532401,17.4879288437103,1,0
0,1,22.1058252427184,7.44091539528433,339.058252427185,171.864077669903,0,1
1,1,-1.85193298969072,13.0476804123711,197.103092783505,39.25,0,0
1,1,13.0552419354839,21.7497311827957,259.184139784946,5,0,0
0,2,16.9361052631579,-12.0090526315789,211.142105263158,25,0,0
0,1,17.0573511543135,-2.1,168.081409477521,26.3098420413123,0,0
1,3,8.81683417085427,20.0654522613065,384.986180904523,7.46608040201005,0,1
0,1,26.307957957958,14.7870870870871,496.747747747748,65.7867867867868,0,0
0,2,19.102904040404,-0.620959595959596,302.973484848485,202.554292929293,1,0
0,3,20.3,-2.21590062111801,315.998757763975,194.582608695652,0,1
0,3,9.49339045287638,22.3137086903305,152.723378212974,71.3365973072215,0,1
1,2,5.34102857142857,13.5070857142857,1274.67657142857,274.864,1,0
0,2,27.0158823529412,16.9311764705882,558.919117647059,180.764705882353,0,0
0,2,12.3157670454545,19.9072443181818,396.646306818182,226.507102272727,1,0
0,3,22.2,-3.73836930455635,302,139.5,0,1
1,2,3.48935483870968,15.7309677419355,1089.0247311828,162.727956989247,1,0
0,2,27.3235207100592,17.5538461538462,534.224852071006,165,0,0
0,2,27.3678466076696,17.5818584070796,529.541297935103,166,0,0
0,1,25.8107302533532,14.919523099851,412.739195230998,65.2414307004471,0,0
0,3,0.477008928571429,20.3252232142857,91.2075892857143,34.4464285714286,0,1
0,1,0.513116726835138,18.0074608904934,334.523465703971,272.22623345367,1,0
1,3,-0.114917825537295,15.8485461441214,487.085967130215,44.4285714285714,1,0
0,2,16.4283524904215,-1.50319284802043,325.151979565773,244.310344827586,1,0
1,2,14.3744637385087,1.49959141981614,154.533197139939,93.2553626149132,0,0
0,3,9.90742793791575,3.40609756097561,236.205099778271,169.426829268293,1,0
0,1,0.973747016706444,18.2937947494033,329.645584725537,256.304295942721,0,1
1,2,14.4765368852459,1.65727459016393,155,92.1280737704918,0,1
1,1,9.56135204081633,16.4797193877551,393.079081632653,11.0599489795918,1,0
0,3,18.5706758304696,-4.76071019473081,284.348224513173,186.369988545246,1,0
0,3,0.3,20.5125966850829,107.375690607735,35.4629834254144,0,0
0,3,0.4,20.5,115.108768035516,36,0,1
0,3,0.500889877641824,20.4010011123471,90.4282536151279,34.7030033370412,0,0
0,3,14.3589667458432,-12.3010688836105,139.067695961995,37.4661520190024,1,0
0,1,22.353670886076,0.877088607594937,307.240506329114,239.178481012658,0,1
0,2,30.5252066115702,24.4871900826446,92.4765840220386,20.4256198347107,0,1
1,1,25.4113602391629,15.1618834080717,308.113602391629,52.1106128550075,0,1
0,3,20.2988853503185,18.8,434.679936305732,24,0,0
1,2,13.4,21.8,126.579972183588,17.1543810848401,0,0
0,1,10.6,23.000988700565,458,280.25,0,0
0,1,20.1150473933649,-6.29964454976303,335.440758293839,71,0,1
1,2,8.09937965260546,23.4699751861042,606.741935483871,23.1104218362283,1,0
0,3,0.4,20.4764182424917,114.088987764182,36.5906562847609,0,1
1,1,9.51037613488975,16.1687418936446,391.05317769131,11.2204928664073,1,0
1,2,2.58379120879121,16.4443681318681,398.821428571429,24.2129120879121,1,0
0,1,15.5121794871795,11.3557692307692,515.192307692308,35.9871794871795,0,0
0,3,0.289700996677741,20.5589147286822,107.012181616833,35.0121816168328,0,0
1,3,9.8,22.9858560794045,144,70,0,1
0,2,17.1980104712042,-11.6706806282723,212.277486910995,30.7685863874345,0,0
0,2,9.45463756819953,-25.1,165,46,0,0
0,1,19.888424437299,20.9400321543408,932.540192926045,25.5128617363344,1,0
0,1,16.1797579757976,-11.3126512651265,313.2200220022,87,1,0
1,3,9.86905660377358,23.0431446540881,146.901886792453,70.9534591194969,0,0
0,1,13.0565299684543,-10.4046687697161,171,21.6977917981073,1,0
1,3,8.88050632911392,18.5313924050633,473.524050632911,11,0,1
1,2,6.53634336677815,12.9680044593088,999.671125975474,297.176142697882,0,0
0,1,13.0687737041719,-10.3537926675095,171.523388116308,21.6902654867257,1,0
1,2,3.75784946236559,16.1323655913979,1089.68387096774,161.075268817204,1,0
1,1,3.8579754601227,16.7853783231084,561.405930470348,133.328220858896,1,0
0,1,9.2756937799043,-4.40545454545455,193.392344497608,103.868899521531,1,0
0,2,-3.44148706896552,13.5029094827586,340.17025862069,257.523706896552,0,1
0,2,27.2428989751098,16.8185944363104,534.188872620791,168.670571010249,0,1
0,3,1.42310030395137,16.8739614994934,791.359675785208,122.103343465046,0,0
0,1,0.6,18.1479041916168,332.843113772455,265.123353293413,0,0
1,1,9.62305732484077,19.6965605095541,316.48152866242,5,0,1
1,3,8.30669291338583,24.0372703412073,163.219160104987,6.89632545931759,0,0
0,2,20.7,-5.07437125748503,321.081437125749,79.2574850299401,0,1
0,1,0.524851367419738,18.128418549346,333.643281807372,269.114149821641,0,1
0,1,11.9696929238985,23.7985313751669,170.659546061415,10,0,1
1,1,4.61266598569969,14.6567926455567,455.755873340143,68.167517875383,1,0
0,2,22.4,1.9,314,251,0,0
0,2,-5.01787564766839,6.60608808290155,176.65932642487,62.7357512953368,0,0
0,3,15.8758996728462,-9.4196292257361,299.196292257361,110.9760087241,0,0
0,1,0.8,18.4792019347038,323,255,0,0
0,1,23.8343989769821,1.8349104859335,299.580562659847,227.015345268542,0,1
0,2,17.7736842105263,12.9948963317384,441.618819776715,22.5645933014354,0,1
1,1,9.46282722513089,17.5596858638743,357.553664921466,9.37303664921466,0,1
0,3,22.1689655172414,-3.53281807372176,300.017835909631,143,0,1
0,2,27.3,17.0032400589102,529.385861561119,164.969072164948,0,1
1,3,9.85730198019802,23.0707920792079,143.490099009901,71,0,0
1,1,8.9002538071066,16.6677664974619,463.573604060914,13,1,0
1,1,9.41086092715232,18.1577483443709,360.098013245033,9.04105960264901,1,0
1,1,2.43307189542484,16.6283660130719,528.726797385621,25.5869281045752,1,0
1,3,9.38282442748092,22.157251908397,152.989821882952,71.6246819338423,0,1
0,1,21.1046599496222,1.12329974811083,302.646095717884,233.401763224181,0,1
0,3,0.3,20.4,114.356194690265,36,0,0
0,1,20.4405759162304,3.60183246073298,265.185863874346,74.9528795811518,0,0
1,1,8.85461638491547,24.6674902470741,270.172951885566,6.20676202860858,0,0
1,3,0.673614190687361,20.9372505543237,131.268292682927,37.790465631929,0,0
1,2,7.8936628643853,17.6089987325729,823.888466413181,28.5145754119138,1,0
0,1,-2.6653164556962,0.491898734177215,214.507594936709,146.841772151899,1,0
0,3,22.0854567307692,-3.59495192307692,300.581730769231,143,0,1
0,3,18.2948335246843,-4.45281285878301,304.671641791045,260.130884041332,1,0
1,3,8.12335570469799,24.0079194630872,255.479194630872,10.9181208053691,0,0
0,3,18.7232273838631,-3.22921760391198,337.68337408313,220.007334963325,1,0
0,3,9.42658914728682,-25.0844186046512,164,49,1,0
0,1,23.8,14.2511954992968,139.617440225035,22,0,0
0,2,20.7052443384982,-2.63909415971395,247,151,0,0
1,3,9.47693298969072,18.35,345.827319587629,7.75128865979381,0,1
0,2,18.0375478927203,-0.100510855683269,287.504469987229,208.34993614304,1,0
1,2,11.3138075313808,2.68933054393305,119.094142259414,67,0,0
0,1,26.3589285714286,25.4844155844156,1073.22077922078,122.5,1,0
0,1,27.1513157894737,16.3419590643275,522.976608187135,173.635964912281,0,1
1,1,5.57552631578947,20.8197368421053,430.722368421053,15.1065789473684,1,0
0,1,27.2727540500736,17.6229749631812,654.458026509573,171.416789396171,0,1
0,1,19.4138952164009,-7.08394077448747,340.331435079727,79.0193621867882,0,0
0,1,26.0970193740686,16.529955290611,323.065573770492,65.4456035767511,0,0
1,2,14.3266802443992,1.41761710794297,158.489816700611,98.3146639511201,0,0
0,1,9.7,22.7709677419355,432.625525946704,263.820476858345,0,0
0,3,18.4185761957731,-6.7,278.002224694105,200.79532814238,0,1
0,1,11.0209547427154,-11.1856788592684,206.233106013639,41.0489770613763,0,0
0,1,27.2026239067055,16.4397959183673,523.258017492711,172.98250728863,0,1
0,3,9.38100775193798,-25.3,164.317829457364,47.9790697674419,0,0
0,3,26.7816901408451,15.9651408450704,547.992957746479,293.098591549296,0,1
0,3,0.611504424778761,20.6817477876106,113.075221238938,37,0,1
1,1,8.2801282051282,20.7958974358974,339.958974358974,9,1,0
1,2,10.6829234972678,24.0510928961749,231.938524590164,14.0095628415301,0,1
0,3,24.3,10.4651282051282,367.930769230769,248.283333333333,0,0
0,3,10.3943130630631,-15.3690315315315,155.064189189189,40.276463963964,1,0
0,2,14.2811282051282,1.95425641025641,157.09641025641,94.4225641025641,0,0
0,1,27.5,17.6157142857143,611.033333333333,173,0,0
1,3,10.2262467191601,17.1905511811024,511.48687664042,12.3805774278215,0,0
0,1,16.5455578512397,-9.66580578512397,152.886363636364,28,0,0
0,1,20.0710900473934,-6.35402843601896,336.009478672986,71.9123222748815,0,0
0,1,16.9392324093817,-10.167697228145,202.020255863539,31,0,0
1,3,4.90797101449275,16.7756728778468,541.509316770186,133.808488612836,0,1
0,2,18.5597142857143,19.9482857142857,396.45,228,1,0
0,2,-3.52652173913043,11.8546739130435,341.122826086957,257.222826086957,0,1
0,3,17.1569739952719,-3.43569739952719,297.875886524823,253.632387706856,1,0
0,3,15.4040254237288,-4.37309322033898,295.258474576271,194.944915254237,0,1
0,1,23.5205357142857,1.62742346938776,301.69387755102,233.411989795918,0,0
0,2,-4.90157232704403,-3.46488469601677,325.076519916143,250,1,0
0,1,16.0758510638298,-3.96063829787234,139,26.9414893617021,0,0
0,1,9.17229916897507,22.3722991689751,437.439058171745,272.854570637119,1,0
0,3,-0.146947835738069,19.869589345172,143.337402885683,40.6115427302997,0,1
0,1,16.1112458654906,-11.396802646086,314.323042998898,87,1,0
0,1,-1.47642192347466,17.194519131334,244.230610134436,99.5573940020682,1,0
0,1,10.3561679790026,22.8778215223097,41.2112860892388,14.1902887139108,0,1
1,1,4.70558659217877,15.6565642458101,446.254189944134,82.4944134078212,1,0
0,3,0.735183129855716,20.9189789123196,121.538290788013,37.1620421753607,0,1
1,3,9.89914004914005,23.0482800982801,149.2542997543,70.4938574938575,0,0
0,1,9.13797139141742,24.9305591677503,243.971391417425,5.00520156046814,0,0
0,1,1.11438848920863,18.3438848920863,332.712230215827,255.420863309353,0,1
1,2,4.88115543328748,19.7225584594223,382.002751031637,14.6423658872077,1,0
0,2,13.4626038781163,23.4368421052632,139.47783933518,17.1094182825485,0,1
0,1,13.5672555205047,-9.88429022082019,173.965930599369,21,0,0
1,3,8.50213567839196,14.4562814070352,741.355527638191,52.1520100502513,0,0
1,3,9.78634639696587,18.0604298356511,572.505689001264,10.3034134007585,0,1
0,1,-3.86360153256705,-0.655427841634738,233.085568326948,157.840357598978,0,0
1,2,12.91375,23.3254166666667,139.206944444444,14,0,1
0,3,6.93599493029151,20.0974651457541,112.595690747782,72.851711026616,0,0
1,1,9.06392156862745,24.8819607843137,251.124183006536,5.23660130718954,0,0
0,3,0.3,20.401446051168,111.511679644049,36,0,1
1,3,1.88910256410256,16.5664102564103,625.789743589744,45.2397435897436,1,0
1,3,5.1162219850587,16.8408751334045,502.938100320171,87.2636072572038,1,0
1,2,4.36020304568528,13.2730964467005,1042.58781725888,184.883248730964,1,0
0,2,22.1072792362769,-1.7,258.193317422434,156.997613365155,0,1
1,1,11.3611288604899,-2.91767838125666,169.017039403621,38,0,0
0,3,15.5122470713525,-4.19712460063898,292.284345047923,196.696485623003,0,1
1,3,9.18139240506329,17.7392405063291,557.069620253164,11.420253164557,1,0
1,3,-2.74254689042448,14.0390918065153,476.62783810464,138.494570582428,1,0
1,2,11.9004172461752,23.6888734353269,172.808066759388,10.2962447844228,0,1
1,1,9.43191763191763,16.2444015444015,441.826254826255,11.951093951094,1,0
1,1,11.613672922252,23.6840482573727,186.356568364611,10,0,1
0,2,10.9644957983193,-9.08662464985994,157.285714285714,51.1624649859944,0,0
0,3,0.667588495575221,20.8349557522124,118.649336283186,37.0022123893805,0,1
0,2,-3.41357220412595,12.8778501628664,339,255.134636264929,0,1
1,2,13.4407713498623,21.4152892561983,129.593663911846,19.629476584022,0,0
1,3,11.0629228687415,20.223951285521,303.94451962111,2,0,0
0,2,14.5451381780962,1.80010235414534,155.490276356192,92.6591606960082,0,1
1,2,13.3773712737127,21.1218157181572,125.506775067751,20,0,0
0,2,13.2921621621622,21.2451351351351,111.82027027027,23.5851351351351,0,1
0,1,17.1806830309498,-10.01462113127,200.665955176094,31,0,0
0,1,16.9622863247863,-10.2,202,31,0,0
0,3,22.3,-3.62795566502463,301.448275862069,142.975369458128,0,1
0,1,23.6876404494382,1.69013732833958,300.028714107366,228.830212234707,0,1
0,3,21.9491108071135,6.81463748290014,295.169630642955,132.00683994528,0,0
0,1,-3.33362831858407,-0.152465233881163,225.270543615676,153.582806573957,1,0
0,3,0.503707865168539,-6.54123595505618,350.096629213483,275.066292134831,1,0
0,1,23.6271464646465,1.8050505050505,301.736111111111,229.237373737374,0,1
1,3,10.1582417582418,19.4677197802198,358.423076923077,2,1,0
1,3,7.69640564826701,19.9065468549422,632.369704749679,12.3157894736842,0,0
0,2,27.3,16.8,532.080882352941,163.289705882353,0,1
0,3,0.380709534368071,20.4640798226164,114.406873614191,36,0,1
0,3,0.315282392026578,20.4152823920266,115.666666666667,36,0,1
1,1,5.84185430463576,21.1972185430464,422.260927152318,14.3139072847682,1,0
0,3,9.39542280837859,-25.2832428238945,164.387897595035,47.2699767261443,0,0
0,2,23.3650997150997,11.6025641025641,279.225071225071,165.974358974359,0,0
0,3,15.9,-9.4,299.844468784228,110.401971522453,0,0
0,1,13.7963377416073,0.982909460834181,158.585961342828,105.082400813835,1,0
0,3,0.324198895027624,20.4411049723757,112.024309392265,36,0,0
0,2,20.5014405762305,-5.18715486194478,326.289315726291,92.6890756302521,1,0
1,2,5.08613360323887,13.57995951417,1170.33299595142,226.098178137652,1,0
0,2,27.1077485380117,16.3504385964912,525.583333333333,172.754385964912,0,1
0,1,-2.98929503916449,-2.3,158.282854656223,73.8076588337685,1,0
1,1,9.14196428571429,24.9343112244898,243.684948979592,5.00637755102041,0,0
0,1,13.4900569981001,-9.98492716909436,173.217226092464,21,0,0
0,3,22.3,-3.50059952038369,300.195443645084,143.627098321343,0,1
1,1,9.50013106159895,16.28374836173,406.736566186107,12.1979030144168,1,0
1,3,8.32883435582822,26.0688343558282,556.158282208589,33.3914110429448,0,1
1,3,0.485492801771872,20.6208194905869,116.102990033223,37,0,1
0,3,9.85195460277428,23.0519546027743,146.145018915511,70.1235813366961,0,0
1,3,9.62962025316456,22.4420253164557,148.130379746835,71,0,1
0,3,13.4049025398701,-13.2757826343768,144.084465445954,34.8387477849971,1,0
1,1,9.11732804232804,24.9199735449735,249.043650793651,5.37830687830688,0,0
0,3,21.9960760998811,-3.6,300.847800237812,142.898929845422,0,1
0,3,20.6,-1.83759305210918,319.20223325062,196.708436724566,0,0
0,2,27.6705794947994,18.8,659.153046062407,133.92867756315,0,1
0,1,10.4216808769793,0.800852618757613,298.308160779537,248.51766138855,0,1
0,3,0.3,20.4063192904656,106.69623059867,35.5332594235033,0,0
0,3,16.4047835990888,-7.3376993166287,321.686788154898,219.301822323462,1,0
1,3,9.0828025477707,17.9984713375796,508.44203821656,9.34140127388535,0,0
1,1,5.9473061760841,21.3254927726675,421.893561103811,14.0617608409987,1,0
0,3,21.9,-3.75723039215686,302.259803921569,140.182598039216,0,1
0,3,5.01834625322997,19.8156330749354,376.797157622739,266.848837209302,1,0
0,3,14.6298561151079,-10.5221822541966,147.973621103117,31,1,0
1,2,3.92627291242362,14.8801425661914,943.776985743381,133.069246435845,1,0
0,3,10.0455539358601,-5.86457725947522,144,68.0058309037901,1,0
0,2,-3.54406964091404,11.4878128400435,340.507072905332,257.240478781284,0,1
0,3,9.52296137339056,-2.18147353361946,116.209585121602,42.1881258941345,1,0
0,2,11.2359949302915,-0.62382762991128,318.216730038023,216.835234474018,0,1
0,3,15.9090717299578,-3.6,132,28,0,0
0,3,0.63765227021041,20.8274640088594,116.001107419712,37,0,1
0,2,11.2,-17.5853706111834,111,36,0,0
1,2,13.3773761713521,21.4516733601071,125.262382864793,20,0,1
0,2,17.0582524271845,-2.15266990291262,169.979368932039,26,0,0
0,2,27.2832599118943,16.9,536.453744493392,159.440528634361,0,1
1,2,2.05867237687366,15.4419700214133,1232.11563169165,143.67130620985,1,0
0,1,19.4948967193196,-1.8688942891859,265,156,0,0
1,3,2.67551652892562,13.6690082644628,1263.46487603306,187.182851239669,1,0
0,2,17.6526315789474,12.8076555023923,392.762360446571,23.1642743221691,0,1
0,1,10.9709627329193,-7.91948757763975,212.833074534161,79.3827639751553,0,0
0,1,21.3424691358025,-1.90506172839506,263.301234567901,156.281481481481,1,0
1,3,3.88394308943089,14.2816056910569,533.215447154471,75.9583333333333,1,0
0,3,0.7980044345898,21.0433481152993,123.40022172949,37.1263858093126,0,1
0,1,9.14835025380711,-3.47106598984772,168.835025380711,109.835025380711,1,0
1,1,9.62607003891051,17.7835278858625,306.852140077821,9,1,0
1,3,10.3713548387097,16.9069677419355,199.276129032258,5,0,0
0,2,27.3367107195301,17.1,532.898678414097,170.209985315712,0,1
1,3,9.85036764705883,23.0503676470588,145.56862745098,70.0049019607843,0,0
0,3,7.98543451652387,21.0973072215422,106.742962056304,67.3671970624235,0,0
0,2,10.8169734151329,2.12382413087935,166.858895705521,106.763803680982,0,1
0,3,21.9589486858573,-1.46382978723404,354.568210262828,72.4718397997497,0,0
1,1,3.24259962049336,11.7403225806452,1090.0009487666,300.283681214421,1,0
0,2,5.83150867823765,12.9935914552737,380.684913217624,284.405874499332,1,0
1,1,3.94243119266055,16.8675458715596,557.884174311927,132.987385321101,0,1
0,1,9.7,22.7984679665738,432.948467966574,263.565459610028,0,0
0,3,13.9597762073027,-12.6889281507656,141.726148409894,36.2014134275618,1,0
1,1,4.80856553147575,15.5155830753354,426.230134158927,80.3642930856553,1,0
0,1,9.32923076923077,22.4556643356643,436.502097902098,271.327272727273,1,0
0,2,19.6679487179487,-0.171666666666667,295.39358974359,197.646153846154,1,0
1,1,5.45384615384615,18.3816464237517,262.564102564103,29.4358974358974,0,0
0,3,9.8,22.8474452554745,150.832116788321,70.0742092457421,0,1
1,2,10.693001345895,24.0520861372813,231.745625841184,14.0269179004038,0,1
1,2,5.4077620967742,13.7088709677419,1228.71673387097,259.386088709677,1,0
1,3,8.69947984395319,18.3661898569571,593.856957087126,12,0,1
0,1,24.924255952381,14.6764880952381,362.864583333333,50.7172619047619,0,1
0,2,12.9356486210419,1.80582226762002,159.729315628192,99.26455566905,1,0
1,2,8.2606258148631,22.9885267275098,266.285528031291,5.79530638852673,0,1
1,3,5.06248704663212,16.6875647668394,561.390673575129,90.1896373056995,0,1
1,1,9.51139896373057,17.1527202072539,396.977979274611,9.73575129533679,1,0
0,2,17.6348514851485,-15.0535643564356,233.688118811881,63.2811881188119,1,0
1,1,3.44863773965691,16.5,632.905146316852,167.380423814329,0,1
0,3,-4.90747474747475,10.6953535353535,168.731313131313,109.412121212121,1,0
0,1,5.90966887417219,21.2667549668874,423.217218543046,14.205298013245,1,0
0,1,7.33422391857506,24.1526717557252,284.241730279898,7.66666666666667,0,0
0,2,10.7420652173913,-3.49945652173913,161.809782608696,99.1576086956522,0,0
0,1,7.71112244897959,-23.3825510204082,113.016836734694,27,0,0
0,1,13.6682586333578,-9.50132255694342,156.781778104335,62,1,0
0,1,28.2328149300156,19.2961119751166,409.323483670295,59.402799377916,0,1
0,1,27.1063675832127,16.2063675832127,520.507959479016,175.162083936324,0,1
0,2,12.8256868131868,24.0798076923077,147.526098901099,10.1799450549451,0,1
0,1,26.3788617886179,25.6369105691057,1174.41300813008,167.891056910569,0,0
1,3,6.24991539763113,13.5285956006768,693.414551607445,193.994923857868,1,0
0,2,20.814590747331,-2.6,245.130486358244,151,0,1
1,3,-2.45856079404467,16.5022332506203,231.843672456576,103.759305210918,1,0
0,3,17.0072832369942,-3.70612716763006,301.383815028902,253.967630057803,1,0
1,3,10.657044198895,17.0339779005525,316.694751381216,1.94337016574586,0,0
0,2,27.2817378497791,16.9260677466863,539.817378497791,161.824742268041,0,1
0,3,0.200331491712707,20.5124861878453,110.461878453039,36,0,1
1,3,8.29768856447688,25.9941605839416,531.599756690998,32.9403892944039,0,0
0,1,0.271946795646917,18.2527206771463,327.929866989117,265.545344619105,0,1
1,2,3.92726358148893,16.413078470825,558.439637826962,113.569416498994,0,1
1,2,6.17168874172186,12.9480132450331,1105.88741721854,308.708609271523,1,0
0,3,22.1335748792271,-3.6,300.66425120773,142.99154589372,0,1
0,2,26.7745689655172,15.7502873563218,538.770114942529,288.524425287356,0,1
1,1,6.35006693440429,19.3448460508702,378.542168674699,31.2141900937082,1,0
1,3,8.77098930481284,25.2140374331551,310.582887700535,11.1550802139037,0,0
0,1,7.3056836461126,-26.9211796246649,110.055764075067,28.9994638069705,0,0
0,3,0.464039955604884,20.5941176470588,116.954495005549,36.4605993340733,0,1
0,3,0.3,20.4559378468368,108.997780244173,36,0,1
1,1,8.73401534526855,19.3343989769821,414.916879795397,9.24552429667519,1,0
0,1,20.6934648581998,-1.9,315.628853267571,193.977805178792,0,1
0,3,22.0430639324487,-3.52665862484922,299.349819059107,143.240048250905,0,1
0,3,15.8051142546246,-9.45658324265506,300.609357997824,111.688792165397,0,0
0,1,0.903925845147219,-2.27197382769902,319.291166848419,243.958560523446,1,0
1,2,5.7008111239861,13.5900347624565,1299.27578215527,286.482039397451,1,0
1,1,0.539176626826029,14.2243027888446,390.899070385126,24.8911022576361,1,0
0,3,22.0917085427136,-1.37638190954774,354.164572864322,71.1645728643216,0,0
0,2,13.1990384615385,23.1406593406593,136.968406593407,12.342032967033,0,1
0,1,23.4997445721584,1.97765006385696,303.23754789272,229.145593869732,0,1
0,3,22.1302696078431,-3.5,300,143.171568627451,0,1
1,3,8.20436363636364,20.749696969697,186.922424242424,80.990303030303,0,1
0,1,13.7850583090379,-9.1149416909621,154.169096209913,64.8126822157434,1,0
0,2,16.461797752809,12.1353130016051,529.067415730337,24.1540930979133,0,1
0,3,9.85261845386534,23.0526184538653,146.725685785536,70.5586034912718,0,0
0,2,27.2,17,555.291605301915,171.40353460972,0,1
1,3,10.4720663265306,17.0908163265306,477.735969387755,10.719387755102,0,1
1,2,13.2709286675639,21.0577388963661,125.728129205922,20.5598923283984,0,1
1,3,11.5958666666667,20.18,303.22,2,0,1
0,3,24.0308201058201,10.8101851851852,368.441798941799,244.924603174603,0,0
1,3,7.91049222797928,19.1974093264249,335.040155440415,8.94559585492228,1,0
0,2,10.5577922077922,-3.63322510822511,160.536796536797,94.258658008658,1,0
1,1,6.2115438108484,18.0428372739917,383.261474269819,32.4269819193324,1,0
0,2,27.2,17,544.044182621502,166.871870397644,0,0
0,1,11.7708219178082,23.8902739726027,175.613698630137,10,0,1
1,2,3.4759,16.5627,542.085,128.833,1,0
0,1,21.6506571087216,-1.85902031063321,260.804062126643,156,0,1
0,3,22.036690647482,-3.8,303.016786570743,141.317745803357,0,0
0,1,-3.15542929292929,0.033459595959596,222.090909090909,151.45202020202,1,0
0,2,20.7952612393682,-2.60498177399757,245.185905224787,151.049817739976,0,1
0,3,0.392469545957918,20.3717607973422,111.797342192691,36,0,1
0,3,0.477247502774695,20.3772475027747,97.9211986681465,35,0,0
1,2,13.0813370473538,21.7795264623956,131.284122562674,20.1448467966574,0,1
1,2,3.80408163265306,14.2723469387755,994.668367346939,147.231632653061,1,0
0,1,16.1973347547974,-3.83422174840085,141.955223880597,27.317697228145,0,0
0,3,2.28302300109529,17.0153340635268,328.892661555312,237.100766703176,1,0
0,1,11.2,2.73443640124095,149.99689762151,86.8800413650465,0,0
1,2,12.841922005571,22.3764623955432,168.026462395543,7,0,0
0,2,16.770116156283,-10.8151003167899,293.498416050686,75.1626187961985,0,1
0,2,17.7142531356899,-6.50205245153934,315.299885974915,193.266818700114,1,0
0,2,10.2236098450319,-5.04968094804011,229.482224247949,82.0829535095716,1,0
1,3,9.8,22.8370869033048,150.78335373317,70.0281517747858,0,1
1,2,4.02996894409938,16.8173913043478,472.787267080745,102,1,0
1,1,5.45592991913747,19.6958221024259,349.394878706199,29.4851752021563,1,0
0,1,25.7467065868263,15.9229041916168,276.802395209581,56.3667664670659,0,0
1,3,7.48489646772229,15.1879415347138,763.093788063337,49.4591961023142,1,0
1,2,5.33860182370821,13.6018237082067,1196.16514690983,236.325227963526,1,0
0,2,16.6662222222222,-10.7,309.648888888889,85,1,0
0,2,9.33509316770186,-25.1,166,49,0,0
0,2,10.4739227756016,-14.7517627308338,155.956911024063,41,0,0
0,2,26.7073699421965,17.2985549132948,544.193641618497,189.60838150289,0,1
0,3,22.2929487179487,-1.43692307692308,355.45641025641,68.4051282051282,0,0
0,3,18.5068965517241,-4.83850574712644,287.333333333333,192.6,1,0
0,3,0.4,20.5,114.318584070796,36,0,1
1,1,9.31974193548387,17.6656774193548,386.708387096774,9.87870967741936,1,0
1,3,8.75696040868455,19.4332056194125,564.563218390805,11.7164750957854,0,1
0,3,9.75987878787879,22.7561212121212,148.424242424242,70,0,1
0,1,19.4,-1.9,263.9975399754,156.690036900369,0,0
1,2,5.83399209486166,12.8300395256917,946.808300395257,274.361660079051,0,0
1,1,3.88033149171271,17.6181215469613,728.802209944751,109.619889502762,1,0
1,1,4.86923076923077,15.3548717948718,406.634188034188,81.1504273504273,1,0
1,1,9.24550264550265,18.6240740740741,394.309523809524,8.63227513227513,1,0
1,1,9.51698841698842,17.0185328185328,473.048906048906,10,1,0
0,1,25.6730827067669,14.8905263157895,487.993984962406,69.775939849624,0,0
0,3,9.86372795969773,23.1235516372796,138.724181360202,69.9886649874056,0,0
0,2,8.6,23.780625,264.32875,7,0,1
1,3,5.40742705570292,12.6510610079576,839.545092838196,264.348806366048,1,0
1,1,5.9249343832021,21.309842519685,420.96719160105,14.0669291338583,1,0
1,3,11.0386034255599,16.4034255599473,300.555994729908,7,0,1
0,2,10.7545020870602,-20.8532498509243,186.892069171139,56.1884317233154,1,0
0,1,0.499644970414201,18.2239053254438,329.944378698225,264.114792899408,0,0
1,2,14.3617346938776,1.62020408163265,154.59387755102,92.4816326530612,0,1
0,3,16.9,-5.8994850669413,147.020597322348,33.1936148300721,0,0
0,1,13.3,25.0852161785216,30.4309623430962,3,0,1
0,1,23.191320754717,1.19786163522013,283.647798742138,218.042767295597,0,1
1,2,16.9313627254509,4.3314629258517,89.8777555110221,61.5080160320641,0,1
0,2,12.8910583941606,-2.67682481751825,210.534671532847,70.9516423357664,1,0
0,1,0.772249388753056,18.188141809291,332.460880195599,261,0,1
0,3,0.4,20.5,114.683977900552,36,0,1
0,3,8.1483556012333,-23.1090955806783,112.748201438849,26.2862281603289,0,0
0,3,12.6985849056604,-13.8728773584906,147.202240566038,32.7334905660377,1,0
0,3,0.580602006688963,20.5471571906354,102.823857302118,35,0,1
1,3,8.75081967213115,18.7520807061791,575.495586380832,11.6683480453972,0,0
1,3,8.6487898089172,17.3299363057325,694.742675159236,14.084076433121,1,0
1,1,8.30210249671485,18.0120893561104,469.758212877792,11.5137976346912,1,0
0,3,7.66559405940594,16.2649752475248,105.444306930693,68.575495049505,0,0
1,2,7.59109042553191,20.0497340425532,436.92420212766,14.5252659574468,0,0
0,2,21.8900836320191,-1.8,260,155,0,1
0,1,9.76708542713568,-4.63856783919598,165.638190954774,102.704773869347,1,0
0,1,21.2330390920555,1.39142496847415,302.394703656999,234,0,1
1,1,-0.320871862615588,13.1536327608983,370.840158520475,27.9630118890357,1,0
0,2,13.0866481223922,24.404033379694,143.776077885953,10.0083449235049,0,1
1,3,9.48297331639136,18.2547649301144,362.137229987293,8.71156289707751,0,1
1,1,-0.272739361702128,13.1410904255319,379.235372340426,27.2167553191489,1,0
0,2,11.2911087866109,2.5847280334728,115.713389121339,66.4163179916318,0,1
1,2,13.1968622100955,23.2579809004093,137.174624829468,12.1514324693042,0,1
0,2,11.6614967462039,-2.48080260303688,151.147505422994,78.939262472885,0,0
1,3,4.20749385749386,20.2727272727273,709.272727272727,43.2125307125307,1,0
0,3,10.5303347280335,-9.58960948396095,147.064156206416,46.6164574616457,1,0
0,3,0.452842809364548,20.3551839464883,100.725752508361,35,0,1
0,2,26.6510057471264,17.3,530.104885057471,198.92816091954,1,0
0,1,20.2911433172303,21.3320450885668,756.148148148148,21.8631239935588,0,0
0,1,20.5156363636364,-5.50351515151515,325.682424242424,80.8824242424242,0,0
0,1,10.6,23,458,280.151129943503,0,0
0,3,0.265154867256637,20.5503318584071,106.965707964602,35.0011061946903,0,0
0,1,26.056994047619,16.7456845238095,327.497023809524,76.3630952380952,0,1
0,1,11.8786597938144,-0.262886597938144,138.757731958763,74.8257731958763,0,0
1,2,6.70444162436548,22.4341370558376,610.689086294416,16,1,0
0,1,25.5395173453997,14.6242835595777,466.374057315234,60.2247360482654,0,0
1,1,9.94712793733681,17.0272845953003,300.391644908616,8.14621409921671,0,1
0,2,27.6,18.7648250460405,651.53591160221,134,0,1
1,3,9.46458072590739,22.4444305381727,155.450563204005,71.3992490613267,0,1
0,1,0.598060606060606,18.1572121212121,332.962424242424,265.244848484848,0,0
0,1,27.4051395007342,17.4740088105727,616.123348017621,170,0,1
1,3,0.330410654827969,20.4460599334073,112.782463928968,36,0,0
1,1,3.79123376623377,16.1824675324675,526.701298701299,94.211038961039,1,0
0,2,19.6152227722772,-1.40742574257426,312.826732673267,191.87004950495,0,0
1,3,9.61466666666667,22.4146666666667,145.698181818182,70.0775757575758,0,1
0,3,0.439467849223947,20.539467849224,115.847006651885,36.9534368070953,0,1
0,1,27.3,16.6193595342067,534.206695778748,175,0,1
0,1,21.3597122302158,-1.9,262.073141486811,157.171462829736,1,0
0,1,9.14847645429363,22.2807479224377,438.461218836565,275.393351800554,1,0
1,3,0.79949494949495,15.1270202020202,561.603535353535,54.2941919191919,1,0
1,3,9.8,22.8226533166458,148.904881101377,70,0,1
1,3,10.5763191763192,16.2063063063063,320.4851994852,8.53153153153153,0,1
0,3,27.3559248554913,16.8,475.380057803468,309.00289017341,0,1
0,3,0.498780487804878,20.4158536585366,101.680709534368,35,0,1
0,2,-3.4625,12.8868534482759,340.217672413793,256.21875,0,1
0,1,1,18.3282660332542,329.83135391924,254.951306413302,0,1
0,2,19.7980861244019,17.7727272727273,469.929824561404,23,0,1
1,3,8.8,18.4642297650131,501.253263707572,10,0,1
0,3,0.40188261351052,20.577519379845,117.325581395349,36.0498338870432,0,1
0,1,26.7260115606936,17.4260115606936,526.560693641619,200.877167630058,1,0
0,2,14.049786628734,19.8877667140825,396.24466571835,226.637268847795,1,0
1,3,4.94986760812003,12.6234774933804,788.409532215357,245.66372462489,1,0
0,2,13.476882290562,-5.50699893955461,122.515376458112,37,0,0
0,2,12.2731937172775,0,129.130890052356,75.965445026178,0,0
1,1,10.1547803617571,16.964857881137,401.450904392765,8,0,1
1,1,-0.0685111989459816,13.333860342556,401.121212121212,26.6640316205534,1,0
1,2,3.03845327604726,15.1515574650913,1168.11922663802,167.804511278195,1,0
0,2,27.3,17.000441826215,528.671575846834,163.067746686303,0,1
0,2,20.6527707808564,0.500503778337531,284.959697732997,194.984886649874,1,0
1,1,9.75313315926893,17.3467362924282,434.742819843342,8.52741514360313,1,0
0,1,15.9160085378869,-3.6,138.034151547492,26.701173959445,0,0
1,1,1.14475431606906,14.8349269588313,434.625498007968,22.6268260292165,1,0
1,1,9.60063694267516,17.1410191082803,337.064968152866,9.4968152866242,1,0
1,2,5.58329646017699,13.5178097345133,1263.40818584071,269.810840707965,1,0
0,3,14.2474214582098,-12.3944279786603,139.691760521636,36.9834024896266,1,0
0,1,11.6526824034335,-2.95901287553648,162.067596566524,37.4796137339056,0,1
1,2,1.77083333333333,15.3169871794872,1204.38247863248,139.037393162393,1,0
0,1,23.7602002503129,1.71777221526909,299.540675844806,228.113892365457,0,1
0,2,-0.413597033374537,2.33423980222497,163.072929542645,123.449938195303,1,0
1,1,9.54156862745098,15.8386928104575,405.986928104575,13,1,0
1,1,0.926385224274407,14.5882585751979,416.370712401055,23.688654353562,1,0
0,2,14.3645259938838,1.62945973496432,154.661569826707,92.4393476044852,0,1
1,1,9.51966580976864,16.9343187660668,386.73264781491,10.0205655526992,1,0
0,2,16.1043157894737,-4.14242105263158,129.195789473684,36,0,0
0,3,21.9432214765101,6.84429530201342,293.538255033557,131,0,0
0,3,2.30475138121547,17.2201104972376,327.26408839779,235.036464088398,0,1
0,3,21.9890229191797,-3.56755126658625,299.182147165259,142,0,1
1,2,3.76370449678801,16.1184154175589,1084.51070663812,161.077087794433,1,0
0,2,19.4622474747475,-0.331691919191919,297.84595959596,199.234848484848,1,0
0,2,17.5012820512821,12.6996794871795,362.309294871795,22.125,0,1
0,2,6.39809428284855,-1.91995987963892,196.601805416249,117.692076228686,1,0
0,1,21.3745198463508,1.50985915492958,299.254801536492,234,0,1
0,1,17.1111583421892,-10.0907545164718,201.003188097768,31,0,0
0,1,1.19405339805825,18.2720873786408,344.992718446602,260.070388349515,1,0
1,1,3.3707,16.5187,719.998,191.713,0,0
0,3,-0.3,12.8410256410256,430.48717948718,267,1,0
0,3,0.3,20.4220994475138,111.775690607735,36,0,0
0,1,18.7361155698234,18.4423756019262,582.345104333868,21.7255216693419,0,1
0,2,22.1863636363636,-1.8,257.970515970516,156,0,1
1,3,0.501107419712071,20.7049833887043,119.487264673311,37.234772978959,0,1
1,1,13.7827374872319,0.973340143003064,158.689479060266,105.431052093973,1,0
0,2,-3.47540805223069,16.4870511425462,340.875952121872,257.297062023939,0,1
0,1,21.4987760097919,-1.84871481028152,262.823745410037,156,1,0
0,2,21.0092707045735,-3.9,323.814585908529,103,0,1
0,2,9.81840958605665,-4.37244008714597,169.191721132898,109.901960784314,0,0
0,2,21.7525362318841,-1.9,259.026570048309,155.378019323671,0,1
0,3,0.4,20.5535398230089,116.682522123894,36,0,1
1,2,1.40193756727664,15.6384284176534,1082.14854682454,118.35199138859,1,0
1,2,14.2703476482618,1.43466257668712,154.19018404908,93.6431492842536,0,0
1,2,13.4079622132254,21.2716599190283,129.646423751687,19.6896086369771,0,0
0,2,27.3,16.9569750367107,532.46402349486,161.533039647577,0,1
1,1,0.988703465982028,14.7464698331194,410.490372272144,23.5455712451861,1,0
0,1,13.2528888888889,-10.2168253968254,172,21,1,0
0,3,9.4,-25.1695792880259,164,49,0,0
0,1,20.7906329113924,-1.60189873417722,316.90253164557,200,0,1
0,3,13.3752631578947,-5.17315789473684,161.115789473684,44.2115789473684,0,0
1,3,8.49659781287971,25.3205346294046,734.058323207776,37.5528554070474,1,0
0,2,9.31640746500778,-25.1,166.001555209953,49,0,0
0,3,22.404415954416,27.2,313.891737891738,230.606837606838,0,0
0,1,15.771170212766,-3.9,135,27,0,0
0,3,0.4,20.5,116.293007769145,36,0,1
1,1,1.07407894736842,14.7967105263158,423.134210526316,22.7828947368421,1,0
1,1,5.54615384615385,20.7437665782493,434.631299734748,14.7877984084881,1,0
0,1,10.9172648514851,-11.343254950495,207.424504950495,42.302599009901,0,0
0,3,20.1289940828402,-6.27005917159763,335.557396449704,71,1,0
1,3,9.85302267002519,23.0481108312343,147.550377833753,71,0,0
0,1,18.4146984924623,-2.51645728643216,225.801507537688,29,0,0
0,1,23.3161616161616,1.71616161616162,306.045454545455,232.82196969697,0,1
0,2,27.2406754772394,16.6406754772394,528.894273127753,163.270190895742,0,1
1,3,13.3937413073714,19.2180806675939,183.335187760779,3,0,0
0,2,27.1972140762463,17.5,633.804985337243,160.813782991202,0,0
1,2,8.2,22.9553324968632,271.324968632371,5.27854454203262,0,0
0,1,14.7473029045643,-3.7,211.643153526971,62.3827800829876,0,0
0,1,27.7860128617363,26.1114147909968,590.488745980707,49.8681672025724,0,1
0,1,20.8932835820896,-1.6,313.970149253731,196.300995024876,0,1
0,2,16.9823221757322,-11.9547071129707,211,25,0,0
0,2,22.1303464755078,-1.72293906810036,260,157.591397849462,0,1
1,2,2.8896256684492,16.6863101604278,1277.26844919786,126.749732620321,1,0
0,2,13.4230452674897,22.9665294924554,138.556927297668,17.0987654320988,0,0
0,1,17.5596833130329,-2.44847746650426,314.019488428745,253.734470158343,1,0
1,1,9.53997378768021,16.1643512450852,426.954128440367,11.6133682830931,1,0
0,3,22.1545899632803,-3.5,300,143,0,1
1,1,8.86149870801034,24.7138242894057,265.395348837209,6.09302325581395,0,0
0,1,9.7,22.7406732117812,432.918653576438,263.622720897616,0,0
0,2,21.1,-8.7,309.713507625272,67.0076252723312,0,1
0,2,14.2776422764228,1.45060975609756,154.365853658537,93.7520325203252,0,0
0,3,0.4,20.5,113.619469026549,36,0,1
1,3,9.75315656565657,18.0270202020202,368.545454545455,7.61616161616162,0,1
1,1,3.6047619047619,15.5107396149949,533.03242147923,157.995947315096,1,0
0,2,27.2,16.84140969163,541.337738619677,163.81644640235,0,1
1,2,5.51995731056563,13.5177161152615,1275.2924226254,274.363927427962,1,0
1,3,7.86175395858709,24.6696711327649,767.797807551766,40,1,0
0,3,0.5,20.3886666666667,98.4277777777778,35,0,0
0,1,16.1992537313433,-3.84285714285714,140.313432835821,26.8123667377399,0,0
1,2,3.22298603651987,15.5593984962406,1162.21482277121,165.353383458647,1,0
0,1,0.352669902912621,18.0574029126214,335.097087378641,270.825242718447,1,0
0,3,22.2,-3.71326164874552,300.971326164875,142,0,1
0,1,10.9513011152416,-11.3539653035936,208.113382899628,42.9052044609665,0,0
0,3,9.4,-25.1024767801858,164.222910216718,49,0,0
0,3,0.3,20.4,117.08517699115,36,0,1
0,2,-3.54518918918919,13.0516756756757,340.44972972973,256.643243243243,0,1
0,1,17.049946638207,-10.126787620064,201.442902881537,31,0,0
1,2,2.16207264957265,15.688141025641,1230.98504273504,139.75641025641,1,0
1,3,8.87406015037594,19.9848370927318,452.987468671679,9,0,0
1,3,9.27373211963589,18.9513654096229,351.429128738622,7.79713914174252,1,0
0,1,13.5141131595677,-9.92663699936428,173.8270820089,21,0,0
1,1,6.16476063829787,21.6392287234043,410.857712765958,13.5186170212766,1,0
0,1,23.2257575757576,1.20239898989899,293.433080808081,223.982323232323,0,1
0,1,23.6269132653061,1.62563775510204,299.269132653061,228.946428571429,0,1
0,1,19.4473922902494,-7.06836734693877,339.731292517007,78.1383219954648,0,1
1,1,8.30248041775457,16.932637075718,502.924281984334,13.8616187989556,1,0
0,3,24.3694193548387,10.6350967741935,373.261935483871,248,0,0
0,1,20.6275252525253,-1.91780303030303,314.087121212121,191.594696969697,0,1
0,2,27.2213043478261,16.57,528.349275362319,168.627536231884,0,1
0,2,3.09061488673139,15.3608414239482,1172.19309600863,166.14455231931,1,0
0,2,16.784872080089,-10.6142380422692,308.58064516129,85,0,0
0,1,0.274457831325301,18.3024096385542,324.718072289157,263.09156626506,0,1
0,3,0.737795275590551,-6.28380202474691,345.035995500562,271.026996625422,1,0
0,1,22.300566572238,26.6827195467422,330.961756373938,246.508498583569,0,1
0,1,21.5,-1.9,261,156.44578313253,0,1
0,2,26.8865300146413,16.1931185944363,498.556368960469,189,0,0
0,2,21.0750788643533,17.0772870662461,303.630914826498,16.9763406940063,0,0
0,1,23.7793275217933,1.89402241594022,299.772104607721,228.158156911582,0,1
0,3,0.307769145394007,20.4409544950056,102.980022197558,35,0,1
0,1,10.9547087980174,-11.2635068153656,206.767038413879,41.8172242874845,0,0
0,1,23.3745547073791,1.5,302.030534351145,231.921119592875,0,1
1,1,-0.187395833333333,12.4442708333333,1055.83333333333,227.126041666667,1,0
0,2,16.9455020920502,-11.9853556485356,211.008368200837,25,0,0
0,2,21.2679936305733,18.412898089172,673.934713375796,21,0,1
0,3,12.9767643865364,-3.15266015200869,162.108577633008,47.3311617806732,0,1
0,3,0.300332225913621,20.4003322259136,117.921373200443,36,0,1
0,3,22.8734866828087,-4.2,312,111,0,0
0,2,16.6989539748954,-12.1135983263598,214,29,0,0
1,3,0.424419889502762,20.5244198895028,115.689502762431,37,0,1
0,3,18.4970080552359,-4.31403912543153,302.115074798619,256.134637514384,1,0
0,2,17.1692307692308,12.7905448717949,490.70032051282,24.9022435897436,0,1
0,3,21.4520440251572,16.8396226415094,226.084905660377,35.9119496855346,0,0
0,3,22.4025445292621,-0.363613231552163,370.969465648855,92.8498727735369,1,0
1,3,-1.30341047503045,15.4209500609013,284.884287454324,43.1778319123021,1,0
0,3,18.1309843400447,-6.83724832214765,270.324384787472,194.788590604027,0,0
1,3,9.62837150127226,17.9628498727735,351.298982188295,7.93638676844784,0,1
1,1,-0.504657179818888,14.8650711513583,464.472186287193,43.8059508408797,1,0
0,2,13.3957708049113,21.1514324693042,124.991814461119,20.0818553888131,0,1
1,2,13.4,22.2598630136986,135.913698630137,15.5698630136986,0,1
0,3,10.7551196172249,-4.52602870813397,196.712918660287,106.908133971292,1,0
1,3,9.9452196382429,18.203488372093,581.895348837209,10.7260981912145,0,1
0,2,18.5898190045249,-6.16040723981901,308.462669683258,166.410633484163,1,0
0,2,26.3985915492958,21.5956338028169,202.767605633803,21.9704225352113,0,0
0,1,23.3363984674329,1.67765006385696,306.891443167305,233.845466155811,0,1
0,1,0.467654028436019,18.0735781990521,333.991706161137,267.251184834123,0,1
0,3,22.3879396984925,-1.15276381909548,351.52135678392,70.1206030150754,0,0
0,3,16.8085714285714,-3.75666666666667,304.607142857143,259.232142857143,1,0
0,1,21.5925880923451,-1.8044957472661,261.624544349939,155.573511543135,0,0
0,2,18.9426282051282,17.5900641025641,464.267628205128,23.2371794871795,0,0
1,1,12.8953929539295,22.3266937669377,157.849593495935,8,0,0
1,1,4.58718209562564,15.4214649033571,447.792472024415,81.5055951169888,1,0
1,1,9.54974226804123,20,315.59793814433,5,0,1
1,2,14.4941598360656,1.72315573770492,154.740778688525,92,0,1
0,2,16.9361052631579,-11.8057894736842,215.044210526316,30,0,0
0,2,17.4544141252006,12.9016051364366,458.852327447833,22.0706260032103,0,1
0,3,0.3,20.4,109.183831672204,36,0,1
1,2,1.75793991416309,15.2585836909871,1206.74678111588,140.208154506438,1,0
0,1,22.7929801324503,3.60649006622517,264.006622516556,73.9350993377483,0,0
1,2,8.98346560846561,18.8243386243386,337.005291005291,3.78835978835979,1,0
0,1,22.3158415841584,26.6616690240453,330.328147100424,245.869872701556,0,1
0,3,21.8822161422709,6.8,294.84952120383,131,0,0
1,2,1.8032292787944,15.2564047362756,1213.08396124865,142.462863293864,1,0
1,2,6.37733674775928,17.4802816901408,709.588988476313,20.0217669654289,1,0
0,1,20.7550368550369,-1.62604422604423,318.773955773956,199.375921375921,0,1
0,1,16.1025274725275,-11.3842857142857,314.361538461538,87.2879120879121,1,0
1,2,2.9965034965035,16.1605394605395,635.154845154845,147.422577422577,1,0
1,1,3.44444444444445,16.3131687242798,619.465020576132,172.374485596708,1,0
1,3,0.4,20.395796460177,104.066371681416,35.1283185840708,0,1
1,2,9.27268106734435,14.4040660736976,942.756035578145,30.0457433290978,0,0
0,2,13.0896316507503,21.6114597544338,126.725784447476,16.6275579809004,0,1
1,1,9.51161879895561,17.1579634464752,397.07180156658,9.74412532637076,1,0
0,3,15.8142387732749,-9.45158817086528,301.484118291347,111.037239868565,0,0
1,3,7.21650879566982,19.8822733423545,300.483085250338,5.70906630581867,0,0
1,3,8.06825,20.638125,191.445,82.20625,0,1
0,1,1.16294964028777,18.5965227817746,323.938848920863,252.978417266187,0,1
0,3,22.4019083969466,-0.376717557251908,370.824427480916,93,0,0
0,3,0.751216814159292,20.9574115044248,117.407079646018,37,0,1
0,1,14.8765409934171,-10.5876122082585,140.774985038899,34.5290245362059,1,0
1,1,8.64543046357616,17.5119205298013,472.007947019868,12.7827814569536,1,0
1,2,3.18522114347357,15.3687162891046,1137.87378640777,166.208198489752,1,0
0,1,27.431432748538,17.5134502923977,618.331871345029,172,0,1
0,1,13.1770793650794,-10.316253968254,171.674285714286,21.0761904761905,1,0
1,2,14.5,1.73647540983607,155.893442622951,93.3319672131148,0,0
0,2,15.3798319327731,2.87983193277311,108.201680672269,60.2016806722689,0,0
